uid,namedLocation,date,eventID,domainID,siteID,plotID,subplotID,individualID,tempStemID,tagStatus,growthForm,plantStatus,stemDiameter,measurementHeight,changedMeasurementLocation,height,baseCrownHeight,breakHeight,breakDiameter,maxCrownDiameter,ninetyCrownDiameter,canopyPosition,shape,basalStemDiameter,basalStemDiameterMsrmntHeight,maxBaseCrownDiameter,ninetyBaseCrownDiameter,dendrometerInstallationDate,initialGapMeasurementDate,initialBandStemDiameter,initialDendrometerGap,dendrometerHeight,dendrometerGap,dendrometerCondition,bandStemDiameter,remarks,recordedBy,measuredBy,dataQF
"a3c7e535-34fd-4df7-a12e-417eae8e58ca","STEI_054.basePlot.vst","2019-09-25","vst_STEI_2019","D05","STEI","STEI_054",,"NEON.PLA.D05.STEI.01848",,"ok","single bole tree","Live",19.0,130,,12.8,,,,,,,,,,,,,,,,,,,,,"0000-0001-6914-6364","0000-0002-3044-1400",
"411356e1-a5d7-45df-a075-725b5767bdda","STEI_054.basePlot.vst","2019-09-25","vst_STEI_2019","D05","STEI","STEI_054",,"NEON.PLA.D05.STEI.00011",,"ok","single bole tree","Live",10.1,130,,8.2,,,,,,,,,,,,,,,,,,,,,"0000-0001-6914-6364","0000-0002-3044-1400",
"1751adf1-1d3f-4958-b5c4-aaed2c33de58","STEI_054.basePlot.vst","2019-09-25","vst_STEI_2019","D05","STEI","STEI_054",,"NEON.PLA.D05.STEI.05551",,"ok","small tree","Standing dead",3.3,130,,6.9,,,,,,,,,,,,,,,,,,,,,"0000-0001-6914-6364","0000-0002-3044-1400",
"9f929514-b803-47a1-b57d-39f4e632a8ce","STEI_051.basePlot.vst","2019-09-25","vst_STEI_2019","D05","STEI","STEI_051",,"NEON.PLA.D05.STEI.01022",,"ok","single bole tree","Live",23.1,130,,16.1,,,,,,,,,,,,,,,,,,,,,"0000-0003-3626-6241","0000-0003-2421-1411",
"29218b5f-cbb5-4d1f-ab79-a6bbbb0e4dbb","STEI_051.basePlot.vst","2019-09-25","vst_STEI_2019","D05","STEI","STEI_051",,"NEON.PLA.D05.STEI.01300",,"ok","small tree","Live",8.7,130,,6.0,,,,,,,,,,,,,,,,,,,,,"0000-0003-3626-6241","0000-0003-2421-1411",
"a5ffbf0f-ba9a-4dc3-b237-6a9c8e6808cc","STEI_051.basePlot.vst","2019-09-25","vst_STEI_2019","D05","STEI","STEI_051",,"NEON.PLA.D05.STEI.01051",,"ok","single bole tree","Live",19.4,130,,14.5,,,,,,,,,,,,,,,,,,,,,"0000-0003-3626-6241","0000-0003-2421-1411",
"1752c049-f56f-4e7f-a6a0-385d65b3f485","STEI_051.basePlot.vst","2019-09-25","vst_STEI_2019","D05","STEI","STEI_051",,"NEON.PLA.D05.STEI.01350",,"ok","single bole tree","Live",22.5,130,,14.7,,,,,,,,,,,,,,,,,,,,,"0000-0003-3626-6241","0000-0003-2421-1411",
"234b95d4-9cb0-4d61-aded-050ffb42d583","STEI_054.basePlot.vst","2019-09-25","vst_STEI_2019","D05","STEI","STEI_054",,"NEON.PLA.D05.STEI.01838",,"ok","single bole tree","Live",17.1,130,,10.0,,,,,,,,,,,,,,,,,,,,,"0000-0001-6914-6364","0000-0002-3044-1400",
"baad35e5-9c72-4109-bdd4-e0f7ba15c446","STEI_051.basePlot.vst","2019-09-25","vst_STEI_2019","D05","STEI","STEI_051",,"NEON.PLA.D05.STEI.01021",,"ok","single bole tree","Live",25.2,130,,15.9,,,,,,,,,,,,,,,,,,,,,"0000-0003-3626-6241","0000-0003-2421-1411",
"a0b1da7a-a6ce-4f04-9659-474f93d5398c","STEI_054.basePlot.vst","2019-09-25","vst_STEI_2019","D05","STEI","STEI_054",,"NEON.PLA.D05.STEI.01816",,"ok","single bole tree","Live",18.2,130,,9.3,,,,,,,,,,,,,,,,,,,,,"0000-0001-6914-6364","0000-0002-3044-1400",
"bbfe5cfe-0ef0-4c83-aee8-559b3188725f","STEI_051.basePlot.vst","2019-09-25","vst_STEI_2019","D05","STEI","STEI_051",,"NEON.PLA.D05.STEI.01319",,"ok","multi-bole tree","Live",16.6,130,,11.3,,,,,,,,,,,,,,,,,,,,,"0000-0003-3626-6241","0000-0003-2421-1411",
"f9e287b6-0c39-4f42-975a-e2e2792bc1b4","STEI_051.basePlot.vst","2019-09-25","vst_STEI_2019","D05","STEI","STEI_051",,"NEON.PLA.D05.STEI.01373",,"ok","single bole tree","Live",25.1,130,,14.7,,,,,,,,,,,,,,,,,,,,,"0000-0003-3626-6241","0000-0003-2421-1411",
"f070727b-39a2-42a2-9650-59c73bed0355","STEI_051.basePlot.vst","2019-09-25","vst_STEI_2019","D05","STEI","STEI_051",,"NEON.PLA.D05.STEI.01132",,"ok","single bole tree","Live",21.6,130,,15.6,,,,,,,,,,,,,,,,,,,,,"0000-0003-3626-6241","0000-0003-2421-1411",
"df5667b5-6e51-4ac6-a52e-e11a8188717a","STEI_054.basePlot.vst","2019-09-25","vst_STEI_2019","D05","STEI","STEI_054",,"NEON.PLA.D05.STEI.05564",,"ok","small tree","Live",1.5,130,,3.3,,,,,,,,,,,,,,,,,,,,"Fram/frpe","0000-0001-6914-6364","0000-0002-3044-1400",
"fbd91880-c9ac-4ec3-8deb-3f8db4e05eca","STEI_054.basePlot.vst","2019-09-25","vst_STEI_2019","D05","STEI","STEI_054",,"NEON.PLA.D05.STEI.00016A",,"ok","multi-bole tree","Live",7.6,130,,10.6,,,,,,,,,,,,,,,,,,,,,"0000-0001-6914-6364","0000-0002-3044-1400",
"e67c49fe-1680-48cb-95b2-40a902732f39","STEI_054.basePlot.vst","2019-09-25","vst_STEI_2019","D05","STEI","STEI_054",,"NEON.PLA.D05.STEI.00108",,"ok","single bole tree","Live",11.8,130,,10.8,,,,,,,,,,,,,,,,,,,,,"0000-0001-6914-6364","0000-0002-3044-1400",
"b4a29eaa-e33c-4a3e-af9a-0f090380874e","STEI_051.basePlot.vst","2019-09-25","vst_STEI_2019","D05","STEI","STEI_051",,"NEON.PLA.D05.STEI.01349",,"ok","small tree","Live",3.0,130,,3.2,,,,,,,,,,,,,,,,,,,,,"0000-0003-3626-6241","0000-0003-2421-1411",
"f16cfa9f-7dc7-49c8-90cc-c999d519fa9b","STEI_054.basePlot.vst","2019-09-25","vst_STEI_2019","D05","STEI","STEI_054",,"NEON.PLA.D05.STEI.01980",,"ok","small tree","Downed",1.5,130,,3.2,,,,,,,,,,,,,,,,,,,,,"0000-0001-6914-6364","0000-0002-3044-1400",
"5d03fe16-4746-4ed3-bca5-f5356ed3e8b9","STEI_054.basePlot.vst","2019-09-25","vst_STEI_2019","D05","STEI","STEI_054",,"NEON.PLA.D05.STEI.01637",,"ok","single bole tree","Live",10.2,130,,9.3,,,,,,,,,,,,,,,,,,,,,"0000-0001-6914-6364","0000-0002-3044-1400",
"964966af-b966-4708-bfd6-42f2717a5054","STEI_051.basePlot.vst","2019-09-25","vst_STEI_2019","D05","STEI","STEI_051",,"NEON.PLA.D05.STEI.01181A",,"ok","multi-bole tree","Live",23.0,130,,16.1,,,,,,,,,,,,,,,,,,,,"Measured at an irregular spot DBH is 22.6 at 120m (regular)","0000-0003-3626-6241","0000-0003-2421-1411",
"ee7422e4-ff21-404b-86bd-479006203154","STEI_054.basePlot.vst","2019-09-25","vst_STEI_2019","D05","STEI","STEI_054",,"NEON.PLA.D05.STEI.01839",,"ok","single bole tree","Live",13.4,130,,9.4,,,,,,,,,,,,,,,,,,,,,"0000-0001-6914-6364","0000-0002-3044-1400",
"81a63a4f-4104-4d28-9671-3afcf3bd2796","STEI_051.basePlot.vst","2019-09-25","vst_STEI_2019","D05","STEI","STEI_051",,"NEON.PLA.D05.STEI.01295",,"ok","single bole tree","Live",30.1,130,,18.4,,,,,,,,,,,,,,,,,,,,,"0000-0003-3626-6241","0000-0003-2421-1411",
"3911aa90-0806-428e-864e-e313018713a3","STEI_054.basePlot.vst","2019-09-25","vst_STEI_2019","D05","STEI","STEI_054",,"NEON.PLA.D05.STEI.00242",,"ok","single bole tree","Live",11.5,130,,9.2,,,,,,,,,,,,,,,,,,,,,"0000-0001-6914-6364","0000-0002-3044-1400",
"cb28bef9-7b3f-4338-af7c-59b331c0c473","STEI_051.basePlot.vst","2019-09-25","vst_STEI_2019","D05","STEI","STEI_051",,"NEON.PLA.D05.STEI.01264",,"ok","single bole tree","Live",27.5,130,,17.8,,,,,,,,,,,,,,,,,,,,,"0000-0003-3626-6241","0000-0003-2421-1411",
"075ed610-eaae-4ee2-b7be-d10a8d0479de","STEI_054.basePlot.vst","2019-09-25","vst_STEI_2019","D05","STEI","STEI_054",,"NEON.PLA.D05.STEI.01946",,"ok","small tree","Live",3.3,130,,4.4,,,,,,,,,,,,,,,,,,,,,"0000-0001-6914-6364","0000-0002-3044-1400",
"2e1504b3-2019-4b5a-8b0a-25bf80ca9cfa","STEI_054.basePlot.vst","2019-09-25","vst_STEI_2019","D05","STEI","STEI_054",,"NEON.PLA.D05.STEI.05549",,"ok","sapling","Live",,,,0.9,,,,,,,,1.0,10,,,,,,,,,,,,"0000-0001-6914-6364","0000-0002-3044-1400",
"9ac46395-8cc4-48e8-b0e7-5481b0da8cd5","STEI_054.basePlot.vst","2019-09-25","vst_STEI_2019","D05","STEI","STEI_054",,"NEON.PLA.D05.STEI.01926",,"ok","small tree","Live",4.2,130,,5.3,,,,,,,,,,,,,,,,,,,,,"0000-0001-6914-6364","0000-0002-3044-1400",
"42fae0ed-7fc0-4610-ad12-f4406bcea1ee","STEI_054.basePlot.vst","2019-09-25","vst_STEI_2019","D05","STEI","STEI_054",,"NEON.PLA.D05.STEI.01765",,"ok","small tree","Standing dead",2.2,130,,2.8,,,,,,,,,,,,,,,,,,,,,"0000-0001-6914-6364","0000-0002-3044-1400",
"17382400-3319-4e9a-92ed-5b6b96bee204","STEI_054.basePlot.vst","2019-09-25","vst_STEI_2019","D05","STEI","STEI_054",,"NEON.PLA.D05.STEI.01953",,"ok","small tree","Live",2.9,130,,4.0,,,,,,,,,,,,,,,,,,,,,"0000-0001-6914-6364","0000-0002-3044-1400",
"e14ba66e-f7f2-4b9c-bad2-ae2e4c740e78","STEI_051.basePlot.vst","2019-09-25","vst_STEI_2019","D05","STEI","STEI_051",,"NEON.PLA.D05.STEI.01305",,"ok","single bole tree","Live",25.0,130,,16.1,,,,,,,,,,,,,,,,,,,,,"0000-0003-3626-6241","0000-0003-2421-1411",
"516b1d16-fda0-47e3-942e-a7042919cccf","STEI_054.basePlot.vst","2019-09-25","vst_STEI_2019","D05","STEI","STEI_054",,"NEON.PLA.D05.STEI.00109",,"ok","sapling","Live",,,,1.4,,,,,,,,0.9,10,,,,,,,,,,,,"0000-0001-6914-6364","0000-0002-3044-1400",
"8d383eb6-3f9d-46b4-9dfe-f111842135ca","STEI_054.basePlot.vst","2019-09-25","vst_STEI_2019","D05","STEI","STEI_054",,"NEON.PLA.D05.STEI.01983",,"ok","small tree","Live",6.1,130,,6.4,,,,,,,,,,,,,,,,,,,,,"0000-0001-6914-6364","0000-0002-3044-1400",
"cc22b148-be3d-4562-a8df-eadd0bdf3caa","STEI_054.basePlot.vst","2019-09-25","vst_STEI_2019","D05","STEI","STEI_054",,"NEON.PLA.D05.STEI.01929",,"ok","small tree","Live",7.2,130,,6.4,,,,,,,,,,,,,,,,,,,,,"0000-0001-6914-6364","0000-0002-3044-1400",
"9740db52-20f7-4900-9aa6-d071a5196a5f","STEI_054.basePlot.vst","2019-09-25","vst_STEI_2019","D05","STEI","STEI_054",,"NEON.PLA.D05.STEI.01859",,"ok","sapling","Live",,,,1.3,,,,,,,,1.3,10,,,,,,,,,,,,"0000-0001-6914-6364","0000-0002-3044-1400",
"f5d63c4b-438f-4061-ad45-d9d8a5c213dd","STEI_051.basePlot.vst","2019-09-25","vst_STEI_2019","D05","STEI","STEI_051",,"NEON.PLA.D05.STEI.01057A",,"ok","multi-bole tree","Downed",7.3,130,,15.9,,,,,,,,,,,,,,,,,,,,"Couldn't find tag on bole A. Measured diameter at 130cm of what we thought was the bole.","0000-0003-3626-6241","0000-0003-2421-1411",
"d5dd9494-d20a-4f7b-9c52-fcd3e3e92302","STEI_054.basePlot.vst","2019-09-25","vst_STEI_2019","D05","STEI","STEI_054",,"NEON.PLA.D05.STEI.00010",,"ok","single bole tree","Live",10.3,130,,9.6,,,,,,,,,,,,,,,,,,,,,"0000-0001-6914-6364","0000-0002-3044-1400",
"74900704-a418-44ff-ac21-1e82f0689eee","STEI_054.basePlot.vst","2019-09-25","vst_STEI_2019","D05","STEI","STEI_054",,"NEON.PLA.D05.STEI.01963",,"ok","sapling","Live",,,,2.4,,,,,,,,1.8,10,,,,,,,,,,,"FRNI instead of FRAM?","0000-0001-6914-6364","0000-0002-3044-1400",
"80a48ee9-6605-481f-801b-4226f60a7468","STEI_051.basePlot.vst","2019-09-25","vst_STEI_2019","D05","STEI","STEI_051",,"NEON.PLA.D05.STEI.01177",,"ok","small tree","Live",3.4,130,,6.1,,,,,,,,,,,,,,,,,,,,,"0000-0003-3626-6241","0000-0003-2421-1411",
"253818fd-9635-4b4d-bdab-8718c7597297","STEI_051.basePlot.vst","2019-09-25","vst_STEI_2019","D05","STEI","STEI_051",,"NEON.PLA.D05.STEI.01019",,"ok","small tree","Live",1.6,130,,2.0,,,,,,,,,,,,,,,,,,,,,"0000-0003-3626-6241","0000-0003-2421-1411",
"055ba10e-604d-429b-97a1-e5b8de3f71c3","STEI_051.basePlot.vst","2019-09-25","vst_STEI_2019","D05","STEI","STEI_051",,"NEON.PLA.D05.STEI.01056",,"ok","single bole tree","Live",18.5,130,,15.2,,,,,,,,,,,,,,,,,,,,,"0000-0003-3626-6241","0000-0003-2421-1411",
"4bf3e817-f4e9-4b45-ae6b-9fa808760423","STEI_051.basePlot.vst","2019-09-25","vst_STEI_2019","D05","STEI","STEI_051",,"NEON.PLA.D05.STEI.01167",,"ok","multi-bole tree","Live",17.4,130,,11.4,,,,,,,,,,,,,,,,,,,,,"0000-0003-3626-6241","0000-0003-2421-1411",
"262ae79a-46ab-4752-940b-99c10cf04ce0","STEI_051.basePlot.vst","2019-09-25","vst_STEI_2019","D05","STEI","STEI_051",,"NEON.PLA.D05.STEI.01105A",,"ok","multi-bole tree","Live",3.5,130,,7.4,,,,,,,,,,,,,,,,,,,,,"0000-0003-3626-6241","0000-0003-2421-1411",
"366301ae-8e24-4ac2-9785-f91b72513e0b","STEI_054.basePlot.vst","2019-09-25","vst_STEI_2019","D05","STEI","STEI_054",,"NEON.PLA.D05.STEI.01834",,"ok","small tree","Standing dead",3.0,130,,4.3,,,,,,,,,,,,,,,,,,,,,"0000-0001-6914-6364","0000-0002-3044-1400",
"5ab7756e-2766-46ce-b1df-bf2ec0511706","STEI_054.basePlot.vst","2019-09-25","vst_STEI_2019","D05","STEI","STEI_054",,"NEON.PLA.D05.STEI.01767",,"ok","small tree","Live",4.7,130,,4.4,,,,,,,,,,,,,,,,,,,,,"0000-0001-6914-6364","0000-0002-3044-1400",
"f2fdbc10-c73a-4b0d-98af-c93da5a0916d","STEI_054.basePlot.vst","2019-09-25","vst_STEI_2019","D05","STEI","STEI_054",,"NEON.PLA.D05.STEI.01730",,"ok","small tree","Live",9.0,130,,10.9,,,,,,,,,,,,,,,,,,,,,"0000-0001-6914-6364","0000-0002-3044-1400",
"f988d4dd-4d97-435d-8995-c0a91c4756f6","STEI_051.basePlot.vst","2019-09-25","vst_STEI_2019","D05","STEI","STEI_051",,"NEON.PLA.D05.STEI.01057",,"ok","multi-bole tree","Downed",18.0,130,,15.9,,,,,,,,,,,,,,,,,,,,,"0000-0003-3626-6241","0000-0003-2421-1411",
"09c01bbf-2fa5-400b-931b-95391d1a4504","STEI_054.basePlot.vst","2019-09-25","vst_STEI_2019","D05","STEI","STEI_054",,"NEON.PLA.D05.STEI.00404",,"ok","single shrub","Live",1.2,130,,2.8,,,,1.1,0.6,,"inverted cone",1.8,10,0.20,0.02,,,,,,,,,,"0000-0001-6914-6364","0000-0002-3044-1400",
"24b7ad59-0cd5-4e4d-b5d0-9076d35a76ed","STEI_054.basePlot.vst","2019-09-25","vst_STEI_2019","D05","STEI","STEI_054",,"NEON.PLA.D05.STEI.01981",,"ok","small tree","Standing dead",2.4,130,,3.7,,,,,,,,,,,,,,,,,,,,,"0000-0001-6914-6364","0000-0002-3044-1400",
"7287a67a-0a52-4081-ad3f-d8a2ccae48f1","STEI_054.basePlot.vst","2019-09-25","vst_STEI_2019","D05","STEI","STEI_054",,"NEON.PLA.D05.STEI.01948",,"ok","small tree","Live",1.4,130,,2.7,,,,,,,,,,,,,,,,,,,,,"0000-0001-6914-6364","0000-0002-3044-1400",
"4b2b10ad-40d2-4959-8c06-b14fb13c3f1a","STEI_051.basePlot.vst","2019-09-25","vst_STEI_2019","D05","STEI","STEI_051",,"NEON.PLA.D05.STEI.01355",,"ok","single bole tree","Live",34.7,130,,16.8,,,,,,,,,,,,,,,,,,,,,"0000-0003-3626-6241","0000-0003-2421-1411",
"322a8229-e1ed-447a-a44f-54f5c3e70cb0","STEI_051.basePlot.vst","2019-09-25","vst_STEI_2019","D05","STEI","STEI_051",,"NEON.PLA.D05.STEI.01105E",,"ok","multi-bole tree","Live",2.9,130,,7.4,,,,,,,,,,,,,,,,,,,,,"0000-0003-3626-6241","0000-0003-2421-1411",
"f56d4fcc-9e70-4ed0-992d-43576060d966","STEI_051.basePlot.vst","2019-09-25","vst_STEI_2019","D05","STEI","STEI_051",,"NEON.PLA.D05.STEI.01042",,"ok","single bole tree","Live",30.1,130,,14.6,,,,,,,,,,,,,,,,,,,,,"0000-0003-3626-6241","0000-0003-2421-1411",
"8aa6f851-70a6-4ae3-bfbd-3ee28f6bd14d","STEI_054.basePlot.vst","2019-09-25","vst_STEI_2019","D05","STEI","STEI_054",,"NEON.PLA.D05.STEI.01907",,"ok","small tree","Live",6.6,130,,6.2,,,,,,,,,,,,,,,,,,,,,"0000-0001-6914-6364","0000-0002-3044-1400",
"eaaa4f09-ae31-40b8-8f48-aa999c326009","STEI_051.basePlot.vst","2019-09-25","vst_STEI_2019","D05","STEI","STEI_051",,"NEON.PLA.D05.STEI.01025",,"ok","multi-bole tree","Live",12.6,130,,12.1,,,,,,,,,,,,,,,,,,,,,"0000-0003-3626-6241","0000-0003-2421-1411",
"b4165202-3109-4185-b3fc-8dba4f13e0e0","STEI_051.basePlot.vst","2019-09-25","vst_STEI_2019","D05","STEI","STEI_051",,"NEON.PLA.D05.STEI.01181",,"ok","multi-bole tree","Live",26.0,130,,16.1,,,,,,,,,,,,,,,,,,,,,"0000-0003-3626-6241","0000-0003-2421-1411",
"8413642b-c367-470a-854f-07b8e8ae5d0f","STEI_054.basePlot.vst","2019-09-25","vst_STEI_2019","D05","STEI","STEI_054",,"NEON.PLA.D05.STEI.01801",,"ok","single shrub","Live",1.1,130,,2.8,,,,1.3,1.2,,"inverted cone",1.9,10,0.20,0.02,,,,,,,,,,"0000-0001-6914-6364","0000-0002-3044-1400",
"c595f0fd-ebe1-437c-876f-c87293c05e63","STEI_054.basePlot.vst","2019-09-25","vst_STEI_2019","D05","STEI","STEI_054",,"NEON.PLA.D05.STEI.01651",,"ok","single shrub","Live",1.2,130,,3.0,,,,1.0,0.7,,"inverted cone",1.7,10,0.25,0.02,,,,,,,,,,"0000-0001-6914-6364","0000-0002-3044-1400",
"4cbeb5c4-2366-4dbb-8893-70aa66974921","STEI_051.basePlot.vst","2019-09-25","vst_STEI_2019","D05","STEI","STEI_051",,"NEON.PLA.D05.STEI.01025A",,"ok","multi-bole tree","Live",8.8,130,,12.1,,,,,,,,,,,,,,,,,,,,,"0000-0003-3626-6241","0000-0003-2421-1411",
"80fdf27c-ebcb-4c69-8c00-abc8419d79c8","STEI_051.basePlot.vst","2019-09-25","vst_STEI_2019","D05","STEI","STEI_051",,"NEON.PLA.D05.STEI.01043",,"ok","small tree","Live",4.8,130,,7.1,,,,,,,,,,,,,,,,,,,,,"0000-0003-3626-6241","0000-0003-2421-1411",
"6116bfcb-7231-425f-b6d1-a4f268a9c150","STEI_051.basePlot.vst","2019-09-25","vst_STEI_2019","D05","STEI","STEI_051",,"NEON.PLA.D05.STEI.01028",,"ok","small tree","Live",1.6,130,,3.6,,,,,,,,,,,,,,,,,,,,"Fully senesced","0000-0003-3626-6241","0000-0003-2421-1411",
"3cb992c8-ef7b-4f2b-9993-3e263e132c0a","STEI_054.basePlot.vst","2019-09-25","vst_STEI_2019","D05","STEI","STEI_054",,"NEON.PLA.D05.STEI.01916",,"ok","small tree","Live",4.8,130,,6.2,,,,,,,,,,,,,,,,,,,,,"0000-0001-6914-6364","0000-0002-3044-1400",
"6d8ddd83-d9f1-4b9f-bd99-647a2a21ee32","STEI_051.basePlot.vst","2019-09-25","vst_STEI_2019","D05","STEI","STEI_051",,"NEON.PLA.D05.STEI.01206",,"ok","small tree","Standing dead",1.2,130,,2.0,,,,,,,,,,,,,,,,,,,,,"0000-0003-3626-6241","0000-0003-2421-1411",
"7a5a02e6-e049-4578-93ef-9bdf6eea08c6","STEI_054.basePlot.vst","2019-09-25","vst_STEI_2019","D05","STEI","STEI_054",,"NEON.PLA.D05.STEI.01837",,"ok","single bole tree","Live",19.3,130,,9.1,,,,,,,,,,,,,,,,,,,,,"0000-0001-6914-6364","0000-0002-3044-1400",
"7d081fec-3e4c-485c-850b-157439176017","STEI_054.basePlot.vst","2019-09-25","vst_STEI_2019","D05","STEI","STEI_054",,"NEON.PLA.D05.STEI.01919",,"ok","small tree","Live",5.3,130,,5.7,,,,,,,,,,,,,,,,,,,,,"0000-0001-6914-6364","0000-0002-3044-1400",
"81bb0555-72cd-40cc-a6a0-7e8432b11a62","STEI_051.basePlot.vst","2019-09-25","vst_STEI_2019","D05","STEI","STEI_051",,"NEON.PLA.D05.STEI.01024",,"ok","single bole tree","Live",26.2,130,,16.5,,,,,,,,,,,,,,,,,,,,,"0000-0003-3626-6241","0000-0003-2421-1411",
"ea210e67-a5bf-43d5-9933-3b9c2f52e959","STEI_054.basePlot.vst","2019-09-25","vst_STEI_2019","D05","STEI","STEI_054",,"NEON.PLA.D05.STEI.01788",,"ok","small tree","Standing dead",4.6,130,,6.5,,,,,,,,,,,,,,,,,,,,,"0000-0001-6914-6364","0000-0002-3044-1400",
"6a4698db-e23d-4524-bd38-d9f42fb96f40","STEI_054.basePlot.vst","2019-09-25","vst_STEI_2019","D05","STEI","STEI_054",,"NEON.PLA.D05.STEI.01653",,"ok","single bole tree","Live",15.4,130,,10.6,,,,,,,,,,,,,,,,,,,,,"0000-0001-6914-6364","0000-0002-3044-1400",
"83be3217-cb52-447a-b843-db086adf6b88","STEI_054.basePlot.vst","2019-09-25","vst_STEI_2019","D05","STEI","STEI_054",,"NEON.PLA.D05.STEI.01959",,"ok","small tree","Live",4.8,130,,7.5,,,,,,,,,,,,,,,,,,,,,"0000-0001-6914-6364","0000-0002-3044-1400",
"32a1791d-970d-4ad6-85d0-44e41a50e076","STEI_054.basePlot.vst","2019-09-25","vst_STEI_2019","D05","STEI","STEI_054",,"NEON.PLA.D05.STEI.01962",,"ok","small tree","Live",3.2,130,,5.1,,,,,,,,,,,,,,,,,,,,,"0000-0001-6914-6364","0000-0002-3044-1400",
"bc911be9-68f0-4e19-ab09-def61bc28dfe","STEI_054.basePlot.vst","2019-09-25","vst_STEI_2019","D05","STEI","STEI_054",,"NEON.PLA.D05.STEI.00238",,"ok","multi-bole tree","Live",10.2,130,,9.0,,,,,,,,,,,,,,,,,,,,,"0000-0001-6914-6364","0000-0002-3044-1400",
"718224d3-ef3d-43e8-b15a-0095c6e672f1","STEI_051.basePlot.vst","2019-09-25","vst_STEI_2019","D05","STEI","STEI_051",,"NEON.PLA.D05.STEI.01335",,"ok","single bole tree","Live",25.2,130,,15.8,,,,,,,,,,,,,,,,,,,,"Fully senesced","0000-0003-3626-6241","0000-0003-2421-1411",
"00c80094-6b26-45eb-9dfe-668197475530","STEI_054.basePlot.vst","2019-09-25","vst_STEI_2019","D05","STEI","STEI_054",,"NEON.PLA.D05.STEI.01835",,"ok","single bole tree","Standing dead",11.7,130,,10.3,,,,,,,,,,,,,,,,,,,,,"0000-0001-6914-6364","0000-0002-3044-1400",
"da28cf93-388b-485e-9630-1e032f6a1b5b","STEI_051.basePlot.vst","2019-09-25","vst_STEI_2019","D05","STEI","STEI_051",,"NEON.PLA.D05.STEI.01117",,"ok","single bole tree","Live",16.8,130,,12.2,,,,,,,,,,,,,,,,,,,,,"0000-0003-3626-6241","0000-0003-2421-1411",
"4ec29215-e6e8-4baa-8189-0e1ff5c914a0","STEI_054.basePlot.vst","2019-09-25","vst_STEI_2019","D05","STEI","STEI_054",,"NEON.PLA.D05.STEI.00405",,"ok","single bole tree","Live",11.0,130,,8.0,,,,,,,,,,,,,,,,,,,,,"0000-0001-6914-6364","0000-0002-3044-1400",
"ad460e3c-6b3f-40ee-b430-4183bde81851","STEI_054.basePlot.vst","2019-09-25","vst_STEI_2019","D05","STEI","STEI_054",,"NEON.PLA.D05.STEI.00339",,"ok","single bole tree","Live",10.5,135,,11.6,,,,,,,,,,,,,,,,,,,,,"0000-0001-6914-6364","0000-0002-3044-1400",
"1cdda770-f3fa-4005-8e24-0264f372c980","STEI_054.basePlot.vst","2019-09-25","vst_STEI_2019","D05","STEI","STEI_054",,"NEON.PLA.D05.STEI.01979",,"ok","small tree","Dead, broken bole",3.0,130,,2.1,,2.1,,,,,,,,,,,,,,,,,,"Broken part unlocatable","0000-0001-6914-6364","0000-0002-3044-1400",
"17edbd99-8d00-457d-880b-c1e5c27fbd59","STEI_054.basePlot.vst","2019-09-25","vst_STEI_2019","D05","STEI","STEI_054",,"NEON.PLA.D05.STEI.01845",,"ok","single bole tree","Live",12.8,130,,9.5,,,,,,,,,,,,,,,,,,,,,"0000-0001-6914-6364","0000-0002-3044-1400",
"c1a6ed08-53ac-46c9-90f9-6a40202440a0","STEI_054.basePlot.vst","2019-09-25","vst_STEI_2019","D05","STEI","STEI_054",,"NEON.PLA.D05.STEI.01833",,"ok","single bole tree","Live",18.5,130,,7.3,,,,,,,,,,,,,,,,,,,,,"0000-0001-6914-6364","0000-0002-3044-1400",
"fd17ab44-90ff-4a39-8e66-b3e69a5506cd","STEI_054.basePlot.vst","2019-09-25","vst_STEI_2019","D05","STEI","STEI_054",,"NEON.PLA.D05.STEI.00106",,"ok","single bole tree","Live",11.0,130,,10.7,,,,,,,,,,,,,,,,,,,,,"0000-0001-6914-6364","0000-0002-3044-1400",
"b13a8bee-58da-4971-b6ca-58b45e6de81f","STEI_051.basePlot.vst","2019-09-25","vst_STEI_2019","D05","STEI","STEI_051",,"NEON.PLA.D05.STEI.01144",,"ok","small tree","Standing dead",1.1,130,,3.2,,,,,,,,,,,,,,,,,,,,,"0000-0003-3626-6241","0000-0003-2421-1411",
"77c4fa0c-b0bb-41e6-9011-d903c48c6936","STEI_051.basePlot.vst","2019-09-25","vst_STEI_2019","D05","STEI","STEI_051",,"NEON.PLA.D05.STEI.01011",,"ok","small tree","Live",7.0,130,,5.5,,,,,,,,,,,,,,,,,,,,,"0000-0003-3626-6241","0000-0003-2421-1411",
"d7c749fb-2820-4869-9ecb-6875d5f268b8","STEI_051.basePlot.vst","2019-09-25","vst_STEI_2019","D05","STEI","STEI_051",,"NEON.PLA.D05.STEI.01361",,"ok","multi-bole tree","Live",23.1,130,,15.6,,,,,,,,,,,,,,,,,,,,,"0000-0003-3626-6241","0000-0003-2421-1411",
"0a09fe6f-88f6-428a-854a-edf80cad30df","STEI_051.basePlot.vst","2019-09-25","vst_STEI_2019","D05","STEI","STEI_051",,"NEON.PLA.D05.STEI.01339",,"ok","sapling","Live",,,,1.0,,,,,,,,1.8,10,,,,,,,,,,,,"0000-0003-3626-6241","0000-0003-2421-1411",
"b508ae00-c630-4489-8d86-da1ecaf2efc8","STEI_051.basePlot.vst","2019-09-25","vst_STEI_2019","D05","STEI","STEI_051",,"NEON.PLA.D05.STEI.01049",,"ok","single bole tree","Live",25.5,130,,18.0,,,,,,,,,,,,,,,,,,,,,"0000-0003-3626-6241","0000-0003-2421-1411",
"3f4169a5-2719-4019-90ee-b2f8dced6f4a","STEI_054.basePlot.vst","2019-09-25","vst_STEI_2019","D05","STEI","STEI_054",,"NEON.PLA.D05.STEI.01995",,"ok","small tree","Standing dead",3.0,130,,4.2,,,,,,,,,,,,,,,,,,,,,"0000-0001-6914-6364","0000-0002-3044-1400",
"fa97c619-47af-4fa2-a11b-3b54789f696a","STEI_051.basePlot.vst","2019-09-25","vst_STEI_2019","D05","STEI","STEI_051",,"NEON.PLA.D05.STEI.01378",,"ok","small tree","Standing dead",2.9,130,,6.1,,,,,,,,,,,,,,,,,,,,,"0000-0003-3626-6241","0000-0003-2421-1411",
"9cae5c53-3174-4f93-937d-afa95444b8d5","STEI_051.basePlot.vst","2019-09-25","vst_STEI_2019","D05","STEI","STEI_051",,"NEON.PLA.D05.STEI.01224",,"ok","sapling","Live",,,,1.5,,,,,,,,2.9,10,,,,,,,,,,,,"0000-0003-3626-6241","0000-0003-2421-1411",
"b65acb34-90a8-440c-905e-bfb107a9c235","STEI_051.basePlot.vst","2019-09-25","vst_STEI_2019","D05","STEI","STEI_051",,"NEON.PLA.D05.STEI.01140",,"ok","single bole tree","Live",28.3,130,,16.4,,,,,,,,,,,,,,,,,,,,,"0000-0003-3626-6241","0000-0003-2421-1411",
"2df1efb7-5369-4cd2-b822-ce8cb135b53a","STEI_054.basePlot.vst","2019-09-25","vst_STEI_2019","D05","STEI","STEI_054",,"NEON.PLA.D05.STEI.00107",,"ok","single bole tree","Live",11.0,130,,10.6,,,,,,,,,,,,,,,,,,,,,"0000-0001-6914-6364","0000-0002-3044-1400",
"f0a29aac-bcd2-4145-a736-350b8fb467c7","STEI_051.basePlot.vst","2019-09-25","vst_STEI_2019","D05","STEI","STEI_051",,"NEON.PLA.D05.STEI.01105D",,"ok","multi-bole tree","Live",3.1,130,,7.4,,,,,,,,,,,,,,,,,,,,,"0000-0003-3626-6241","0000-0003-2421-1411",
"09ece815-8530-4095-9b42-5a64e45c01b2","STEI_054.basePlot.vst","2019-09-25","vst_STEI_2019","D05","STEI","STEI_054",,"NEON.PLA.D05.STEI.01931",,"ok","small tree","Standing dead",2.6,130,,5.0,,,,,,,,,,,,,,,,,,,,,"0000-0001-6914-6364","0000-0002-3044-1400",
"598c9a67-b62b-4e47-b0fe-0ba78d7ee2af","STEI_051.basePlot.vst","2019-09-25","vst_STEI_2019","D05","STEI","STEI_051",,"NEON.PLA.D05.STEI.01050",,"ok","single bole tree","Live",25.9,130,,17.5,,,,,,,,,,,,,,,,,,,,,"0000-0003-3626-6241","0000-0003-2421-1411",
"15d85292-287e-485d-9265-1f3aa76fa0db","STEI_054.basePlot.vst","2019-09-25","vst_STEI_2019","D05","STEI","STEI_054",,"NEON.PLA.D05.STEI.01945",,"ok","small tree","Live",4.7,130,,6.5,,,,,,,,,,,,,,,,,,,,,"0000-0001-6914-6364","0000-0002-3044-1400",
"e5782414-a3b2-4eee-84ec-f6edba66244a","STEI_054.basePlot.vst","2019-09-25","vst_STEI_2019","D05","STEI","STEI_054",,"NEON.PLA.D05.STEI.00100",,"ok","sapling","Live",,,,1.7,,,,,,,,1.0,10,,,,,,,,,,,,"0000-0001-6914-6364","0000-0002-3044-1400",
"ad6158cb-462e-4728-be9f-bebebbc964d3","STEI_051.basePlot.vst","2019-09-25","vst_STEI_2019","D05","STEI","STEI_051",,"NEON.PLA.D05.STEI.01346",,"ok","small tree","Live",1.5,130,,2.5,,,,,,,,,,,,,,,,,,,,,"0000-0003-3626-6241","0000-0003-2421-1411",
"1a62a97a-f00a-4009-a9a0-0e728c6488d6","STEI_051.basePlot.vst","2019-09-25","vst_STEI_2019","D05","STEI","STEI_051",,"NEON.PLA.D05.STEI.01167A",,"ok","multi-bole tree","Live",6.3,130,,11.4,,,,,,,,,,,,,,,,,,,,,"0000-0003-3626-6241","0000-0003-2421-1411",
"a63ac045-ee8d-49df-be7c-22ab8e7a3b95","STEI_054.basePlot.vst","2019-09-25","vst_STEI_2019","D05","STEI","STEI_054",,"NEON.PLA.D05.STEI.01944",,"ok","small tree","Standing dead",2.7,130,,6.3,,,,,,,,,,,,,,,,,,,,,"0000-0001-6914-6364","0000-0002-3044-1400",
"7d2a84ea-1ccb-4caf-9de1-2251d0e77fbd","STEI_054.basePlot.vst","2019-09-25","vst_STEI_2019","D05","STEI","STEI_054",,"NEON.PLA.D05.STEI.01984",,"ok","sapling","Live",,,,1.9,,,,,,,,1.5,10,,,,,,,,,,,,"0000-0001-6914-6364","0000-0002-3044-1400",
"73cdcf86-a553-441b-bf9f-954ab9a27a6d","STEI_051.basePlot.vst","2019-09-25","vst_STEI_2019","D05","STEI","STEI_051",,"NEON.PLA.D05.STEI.01058",,"ok","small tree","Standing dead",1.5,130,,3.6,,,,,,,,,,,,,,,,,,,,,"0000-0003-3626-6241","0000-0003-2421-1411",
"e5dad9ec-ee88-4ad3-b5d3-c220ac8301cb","STEI_051.basePlot.vst","2019-09-25","vst_STEI_2019","D05","STEI","STEI_051",,"NEON.PLA.D05.STEI.01143",,"ok","small tree","Standing dead",1.5,130,,3.8,,,,,,,,,,,,,,,,,,,,,"0000-0003-3626-6241","0000-0003-2421-1411",
"b90d00d6-56e1-4d4e-b9d1-28d9651a54fa","STEI_054.basePlot.vst","2019-09-25","vst_STEI_2019","D05","STEI","STEI_054",,"NEON.PLA.D05.STEI.01857",,"ok","small tree","Live",1.5,130,,2.8,,,,,,,,,,,,,,,,,,,,,"0000-0001-6914-6364","0000-0002-3044-1400",
"a137474e-395b-40e9-8267-7910982d95e9","STEI_054.basePlot.vst","2019-09-25","vst_STEI_2019","D05","STEI","STEI_054",,"NEON.PLA.D05.STEI.01766",,"ok","small tree","Live",1.8,130,,2.2,,,,,,,,,,,,,,,,,,,,,"0000-0001-6914-6364","0000-0002-3044-1400",
"9603b6e7-f2c6-4bdd-98be-7f42f2d7336b","STEI_054.basePlot.vst","2019-09-25","vst_STEI_2019","D05","STEI","STEI_054",,"NEON.PLA.D05.STEI.01806",,"ok","single bole tree","Live",15.5,130,,8.6,,,,,,,,,,,,,,,,,,,,,"0000-0001-6914-6364","0000-0002-3044-1400",
"ad785226-27c3-4831-a3cc-1e93b084ebc2","STEI_051.basePlot.vst","2019-09-25","vst_STEI_2019","D05","STEI","STEI_051",,"NEON.PLA.D05.STEI.01377",,"ok","single bole tree","Live",23.1,130,,14.2,,,,,,,,,,,,,,,,,,,,"Fully senesced","0000-0003-3626-6241","0000-0003-2421-1411",
"43a1dc2a-b191-401b-85ac-b45640eb8379","STEI_054.basePlot.vst","2019-09-25","vst_STEI_2019","D05","STEI","STEI_054",,"NEON.PLA.D05.STEI.05548",,"ok","single bole tree","Live",10.5,130,,6.3,,,,,,,,,,,,,,,,,,,,,"0000-0001-6914-6364","0000-0002-3044-1400",
"539d2570-991c-4255-a2a3-16d252cee5e3","STEI_054.basePlot.vst","2019-09-25","vst_STEI_2019","D05","STEI","STEI_054",,"NEON.PLA.D05.STEI.00238B",,"ok","multi-bole tree","Live",6.2,130,,9.0,,,,,,,,,,,,,,,,,,,,,"0000-0001-6914-6364","0000-0002-3044-1400",
"0aca72c9-3ed5-4572-bcbd-478642e8d1cd","STEI_051.basePlot.vst","2019-09-25","vst_STEI_2019","D05","STEI","STEI_051",,"NEON.PLA.D05.STEI.01374",,"ok","single bole tree","Live",18.9,130,,18.2,,,,,,,,,,,,,,,,,,,,,"0000-0003-3626-6241","0000-0003-2421-1411",
"db349881-82ac-4e3b-9c0a-e10e7797ad07","STEI_051.basePlot.vst","2019-09-25","vst_STEI_2019","D05","STEI","STEI_051",,"NEON.PLA.D05.STEI.01267",,"ok","single bole tree","Live",29.5,130,,16.4,,,,,,,,,,,,,,,,,,,,,"0000-0003-3626-6241","0000-0003-2421-1411",
"a75155e4-6586-44f3-a63c-691764c23557","STEI_054.basePlot.vst","2019-09-25","vst_STEI_2019","D05","STEI","STEI_054",,"NEON.PLA.D05.STEI.01807",,"ok","single bole tree","Live",18.2,130,,11.0,,,,,,,,,,,,,,,,,,,,,"0000-0001-6914-6364","0000-0002-3044-1400",
"e0854aa9-b2e5-48e4-bd22-fd65c40d0b97","STEI_054.basePlot.vst","2019-09-25","vst_STEI_2019","D05","STEI","STEI_054",,"NEON.PLA.D05.STEI.01847",,"ok","small tree","Standing dead",3.4,130,,4.4,,,,,,,,,,,,,,,,,,,,,"0000-0001-6914-6364","0000-0002-3044-1400",
"eaf4ad05-565f-4e56-b5f9-10baab1111c1","STEI_051.basePlot.vst","2019-09-25","vst_STEI_2019","D05","STEI","STEI_051",,"NEON.PLA.D05.STEI.01287",,"ok","small tree","Live",6.3,130,,5.9,,,,,,,,,,,,,,,,,,,,,"0000-0003-3626-6241","0000-0003-2421-1411",
"d7e4530b-2133-4a75-ad96-ca9fdb9d2c2c","STEI_054.basePlot.vst","2019-09-25","vst_STEI_2019","D05","STEI","STEI_054",,"NEON.PLA.D05.STEI.01982",,"ok","small tree","Live",3.3,130,,5.7,,,,,,,,,,,,,,,,,,,,,"0000-0001-6914-6364","0000-0002-3044-1400",
"46dfb682-bdc5-4582-b6f5-52b65cd89655","STEI_054.basePlot.vst","2019-09-25","vst_STEI_2019","D05","STEI","STEI_054",,"NEON.PLA.D05.STEI.01951",,"ok","small tree","Live",5.8,130,,6.9,,,,,,,,,,,,,,,,,,,,,"0000-0001-6914-6364","0000-0002-3044-1400",
"39f6b1e1-a17e-48bc-abbb-a6698cc34908","STEI_054.basePlot.vst","2019-09-25","vst_STEI_2019","D05","STEI","STEI_054",,"NEON.PLA.D05.STEI.01950",,"ok","small tree","Live",3.0,130,,4.4,,,,,,,,,,,,,,,,,,,,"Fully senesced","0000-0001-6914-6364","0000-0002-3044-1400",
"eb9af569-a876-44c0-ba8a-6ed70ba355c6","STEI_054.basePlot.vst","2019-09-25","vst_STEI_2019","D05","STEI","STEI_054",,"NEON.PLA.D05.STEI.00006",,"ok","single bole tree","Live",10.5,130,,8.0,,,,,,,,,,,,,,,,,,,,,"0000-0001-6914-6364","0000-0002-3044-1400",
"a8b77c7f-c048-4d0e-97ed-9f666a9b3fd0","STEI_054.basePlot.vst","2019-09-25","vst_STEI_2019","D05","STEI","STEI_054",,"NEON.PLA.D05.STEI.00015",,"ok","sapling","Live",,,,1.6,,,,,,,,1.3,10,,,,,,,,,,,,"0000-0001-6914-6364","0000-0002-3044-1400",
"b14bfe26-e140-4db4-ad20-ca0dd5fa6289","STEI_054.basePlot.vst","2019-09-25","vst_STEI_2019","D05","STEI","STEI_054",,"NEON.PLA.D05.STEI.00403",,"ok","sapling","Downed",,,,1.6,,,,,,,,1.4,10,,,,,,,,,,,,"0000-0001-6914-6364","0000-0002-3044-1400",
"372ba8fd-e109-490b-ad61-e49d0e144aa9","STEI_051.basePlot.vst","2019-09-25","vst_STEI_2019","D05","STEI","STEI_051",,"NEON.PLA.D05.STEI.00013",,"ok","small tree","Live",2.8,130,,5.1,,,,,,,,,,,,,,,,,,,,,"0000-0003-3626-6241","0000-0003-2421-1411",
"67c85641-a8b7-4230-a765-9afac36e1094","STEI_051.basePlot.vst","2019-09-25","vst_STEI_2019","D05","STEI","STEI_051",,"NEON.PLA.D05.STEI.01250",,"ok","single bole tree","Live",23.5,130,,10.1,,,,,,,,,,,,,,,,,,,,,"0000-0003-3626-6241","0000-0003-2421-1411",
"4937b509-9201-4d68-8af4-4194e49902bf","STEI_051.basePlot.vst","2019-09-25","vst_STEI_2019","D05","STEI","STEI_051",,"NEON.PLA.D05.STEI.01009",,"ok","single bole tree","Live",19.1,130,,16.4,,,,,,,,,,,,,,,,,,,,,"0000-0003-3626-6241","0000-0003-2421-1411",
"41b101be-4e1e-4c18-b690-dcacdd21a809","STEI_051.basePlot.vst","2019-09-25","vst_STEI_2019","D05","STEI","STEI_051",,"NEON.PLA.D05.STEI.01168",,"ok","small tree","Live",2.7,130,,6.3,,,,,,,,,,,,,,,,,,,,,"0000-0003-3626-6241","0000-0003-2421-1411",
"be38de70-b19b-4b46-8217-7a3019b567ec","STEI_054.basePlot.vst","2019-09-25","vst_STEI_2019","D05","STEI","STEI_054",,"NEON.PLA.D05.STEI.01952",,"ok","small tree","Live",5.5,130,,5.2,,,,,,,,,,,,,,,,,,,,,"0000-0001-6914-6364","0000-0002-3044-1400",
"6b4c1edd-67a0-4ac1-be44-f8a17e84b80e","STEI_054.basePlot.vst","2019-09-25","vst_STEI_2019","D05","STEI","STEI_054",,"NEON.PLA.D05.STEI.01960",,"ok","small tree","Standing dead",1.5,130,,3.1,,,,,,,,,,,,,,,,,,,,,"0000-0001-6914-6364","0000-0002-3044-1400",
"5ee9fea6-28b6-4746-ae1d-e395ade58857","STEI_051.basePlot.vst","2019-09-25","vst_STEI_2019","D05","STEI","STEI_051",,"NEON.PLA.D05.STEI.01336",,"ok","single bole tree","Live",12.1,130,,12.6,,,,,,,,,,,,,,,,,,,,,"0000-0003-3626-6241","0000-0003-2421-1411",
"f08fccce-a23a-4b0a-982d-20f3708178e1","STEI_054.basePlot.vst","2019-09-25","vst_STEI_2019","D05","STEI","STEI_054",,"NEON.PLA.D05.STEI.01854",,"ok","single bole tree","Live",10.7,130,,7.5,,,,,,,,,,,,,,,,,,,,,"0000-0001-6914-6364","0000-0002-3044-1400",
"40ed040a-3efb-41b4-9457-43f642c4ef5a","STEI_054.basePlot.vst","2019-09-25","vst_STEI_2019","D05","STEI","STEI_054",,"NEON.PLA.D05.STEI.00238A",,"ok","multi-bole tree","Live",4.0,130,,9.0,,,,,,,,,,,,,,,,,,,,,"0000-0001-6914-6364","0000-0002-3044-1400",
"36867d1a-4e83-41ee-8818-679d4f1dfd80","STEI_054.basePlot.vst","2019-09-25","vst_STEI_2019","D05","STEI","STEI_054",,"NEON.PLA.D05.STEI.01794",,"ok","single bole tree","Live",15.6,130,,10.6,,,,,,,,,,,,,,,,,,,,,"0000-0001-6914-6364","0000-0002-3044-1400",
"70b709cb-7d1c-4c09-8204-b96cdfbc10d4","STEI_051.basePlot.vst","2019-09-25","vst_STEI_2019","D05","STEI","STEI_051",,"NEON.PLA.D05.STEI.01345",,"ok","small tree","Live",8.4,130,,9.1,,,,,,,,,,,,,,,,,,,,,"0000-0003-3626-6241","0000-0003-2421-1411",
"888bcf24-23df-4ef6-8298-f38575073e70","STEI_051.basePlot.vst","2019-09-25","vst_STEI_2019","D05","STEI","STEI_051",,"NEON.PLA.D05.STEI.01105C",,"ok","multi-bole tree","Live",3.2,130,,7.4,,,,,,,,,,,,,,,,,,,,,"0000-0003-3626-6241","0000-0003-2421-1411",
"88a1a4bf-1e85-4975-b80a-7a4700422479","STEI_051.basePlot.vst","2019-09-25","vst_STEI_2019","D05","STEI","STEI_051",,"NEON.PLA.D05.STEI.01027",,"ok","small tree","Live",6.1,130,,5.7,,,,,,,,,,,,,,,,,,,,,"0000-0003-3626-6241","0000-0003-2421-1411",
"b57197a3-e7cd-4eb0-b2be-66aebca610bc","STEI_054.basePlot.vst","2019-09-25","vst_STEI_2019","D05","STEI","STEI_054",,"NEON.PLA.D05.STEI.00500",,"ok","sapling","Live",,,,1.3,,,,,,,,1.1,10,,,,,,,,,,,,"0000-0001-6914-6364","0000-0002-3044-1400",
"f6eeb9b5-2fcc-49e1-a8e5-23aedc6c5100","STEI_051.basePlot.vst","2019-09-25","vst_STEI_2019","D05","STEI","STEI_051",,"NEON.PLA.D05.STEI.01105",,"ok","multi-bole tree","Dead, broken bole",12.4,130,,7.4,,5.0,,,,,,,,,,,,,,,,,,"Could not find the broken top piece to record break diameter","0000-0003-3626-6241","0000-0003-2421-1411",
"8fcf2bfc-61b0-43d2-b8ef-e1df15d5939a","STEI_054.basePlot.vst","2019-09-25","vst_STEI_2019","D05","STEI","STEI_054",,"NEON.PLA.D05.STEI.01802",,"ok","small tree","Live",4.3,130,,4.0,,,,,,,,,,,,,,,,,,,,,"0000-0001-6914-6364","0000-0002-3044-1400",
"7e803f90-5aef-4a19-b18f-617448e61b13","STEI_054.basePlot.vst","2019-09-25","vst_STEI_2019","D05","STEI","STEI_054",,"NEON.PLA.D05.STEI.01927",,"ok","small tree","Standing dead",1.5,130,,3.2,,,,,,,,,,,,,,,,,,,,,"0000-0001-6914-6364","0000-0002-3044-1400",
"597b80c6-24f7-477b-8ee9-77c5982dbfce","STEI_051.basePlot.vst","2019-09-25","vst_STEI_2019","D05","STEI","STEI_051",,"NEON.PLA.D05.STEI.01317",,"ok","multi-bole tree","Live",18.2,130,,13.1,,,,,,,,,,,,,,,,,,,,,"0000-0003-3626-6241","0000-0003-2421-1411",
"366f7010-a983-4e43-adfe-fffa953b6465","STEI_051.basePlot.vst","2019-09-25","vst_STEI_2019","D05","STEI","STEI_051",,"NEON.PLA.D05.STEI.01008",,"ok","single bole tree","Live",12.2,130,,9.7,,,,,,,,,,,,,,,,,,,,,"0000-0003-3626-6241","0000-0003-2421-1411",
"58525ebc-3529-4583-9ddb-2c4a96658c18","STEI_051.basePlot.vst","2019-09-25","vst_STEI_2019","D05","STEI","STEI_051",,"NEON.PLA.D05.STEI.01010",,"ok","sapling","Live",,,,1.6,,,,,,,,2.3,10,,,,,,,,,,,,"0000-0003-3626-6241","0000-0003-2421-1411",
"29318edd-b2f3-4690-ab23-48f24b2dbf6f","STEI_054.basePlot.vst","2019-09-25","vst_STEI_2019","D05","STEI","STEI_054",,"NEON.PLA.D05.STEI.01890",,"ok","single bole tree","Live",15.5,130,,7.0,,,,,,,,,,,,,,,,,,,,,"0000-0001-6914-6364","0000-0002-3044-1400",
"b566d4ef-1a1e-44a8-8b0a-fcd14a4997ea","STEI_051.basePlot.vst","2019-09-25","vst_STEI_2019","D05","STEI","STEI_051",,"NEON.PLA.D05.STEI.01388",,"ok","single bole tree","Live",29.8,130,,16.3,,,,,,,,,,,,,,,,,,,,,"0000-0003-3626-6241","0000-0003-2421-1411",
"27abd4b8-d9f8-4fcb-b4af-535f01849cc3","STEI_051.basePlot.vst","2019-09-25","vst_STEI_2019","D05","STEI","STEI_051",,"NEON.PLA.D05.STEI.01131",,"ok","single bole tree","Live",22.1,130,,14.5,,,,,,,,,,,,,,,,,,,,,"0000-0003-3626-6241","0000-0003-2421-1411",
"30d1d58b-f9fe-42e8-b9b3-6cc372d40a32","STEI_051.basePlot.vst","2019-09-25","vst_STEI_2019","D05","STEI","STEI_051",,"NEON.PLA.D05.STEI.01055",,"ok","small tree","Live",2.7,130,,2.6,,,,,,,,,,,,,,,,,,,,,"0000-0003-3626-6241","0000-0003-2421-1411",
"28660337-a794-459c-b61c-ce326f78896b","STEI_054.basePlot.vst","2019-09-25","vst_STEI_2019","D05","STEI","STEI_054",,"NEON.PLA.D05.STEI.01961",,"ok","small tree","Standing dead",2.4,130,,4.1,,,,,,,,,,,,,,,,,,,,,"0000-0001-6914-6364","0000-0002-3044-1400",
"16f14d70-02dc-4a69-89a8-7a9cfca74132","STEI_054.basePlot.vst","2019-09-25","vst_STEI_2019","D05","STEI","STEI_054",,"NEON.PLA.D05.STEI.01932",,"ok","small tree","Live",3.6,130,,6.0,,,,,,,,,,,,,,,,,,,,,"0000-0001-6914-6364","0000-0002-3044-1400",
"c862ee77-7def-4ce8-bdc4-cf0049dc004e","STEI_054.basePlot.vst","2019-09-25","vst_STEI_2019","D05","STEI","STEI_054",,"NEON.PLA.D05.STEI.05562",,"ok","small tree","Live",3.3,130,,5.2,,,,,,,,,,,,,,,,,,,,"Acru","0000-0001-6914-6364","0000-0002-3044-1400",
"94281434-ad2f-4355-82c0-d7ddcc91c328","STEI_054.basePlot.vst","2019-09-25","vst_STEI_2019","D05","STEI","STEI_054",,"NEON.PLA.D05.STEI.05677",,"ok","small tree","Live",4.3,130,,5.7,,,,,,,,,,,,,,,,,,,,,"0000-0001-6914-6364","0000-0002-3044-1400",
"56cdb186-71c3-445d-885a-f1510be77cc6","STEI_054.basePlot.vst","2019-09-25","vst_STEI_2019","D05","STEI","STEI_054",,"NEON.PLA.D05.STEI.01814",,"ok","single bole tree","Live",22.0,130,,13.2,,,,,,,,,,,,,,,,,,,,,"0000-0001-6914-6364","0000-0002-3044-1400",
"5b0b9b44-9b93-4f6a-977c-7f15a4f5f724","STEI_054.basePlot.vst","2019-09-25","vst_STEI_2019","D05","STEI","STEI_054",,"NEON.PLA.D05.STEI.00098",,"ok","single bole tree","Live",10.3,130,,11.1,,,,,,,,,,,,,,,,,,,,,"0000-0001-6914-6364","0000-0002-3044-1400",
"6eebf0c8-5725-47fb-aa32-702943b244cf","STEI_054.basePlot.vst","2019-09-25","vst_STEI_2019","D05","STEI","STEI_054",,"NEON.PLA.D05.STEI.01928",,"ok","small tree","Live",2.2,130,,4.3,,,,,,,,,,,,,,,,,,,,,"0000-0001-6914-6364","0000-0002-3044-1400",
"4909f735-665e-4be9-aa0c-7415d318f934","STEI_054.basePlot.vst","2019-09-25","vst_STEI_2019","D05","STEI","STEI_054",,"NEON.PLA.D05.STEI.01958",,"ok","small tree","Standing dead",1.9,130,,4.1,,,,,,,,,,,,,,,,,,,,,"0000-0001-6914-6364","0000-0002-3044-1400",
"c70ec644-d4a7-4f01-be1e-df91314f50f0","STEI_051.basePlot.vst","2019-09-25","vst_STEI_2019","D05","STEI","STEI_051",,"NEON.PLA.D05.STEI.01156",,"ok","single bole tree","Live",30.6,130,,15.9,,,,,,,,,,,,,,,,,,,,,"0000-0003-3626-6241","0000-0003-2421-1411",
"adbef02c-1f2d-4484-a84e-27039438d9ce","STEI_051.basePlot.vst","2019-09-25","vst_STEI_2019","D05","STEI","STEI_051",,"NEON.PLA.D05.STEI.01130",,"ok","single bole tree","Live",21.9,130,,17.5,,,,,,,,,,,,,,,,,,,,,"0000-0003-3626-6241","0000-0003-2421-1411",
"a1be18b2-2ebf-4fc3-a5ef-9054216e3e3e","STEI_051.basePlot.vst","2019-09-25","vst_STEI_2019","D05","STEI","STEI_051",,"NEON.PLA.D05.STEI.01139",,"ok","single bole tree","Live",17.6,130,,12.5,,,,,,,,,,,,,,,,,,,,,"0000-0003-3626-6241","0000-0003-2421-1411",
"71cf5f0b-d554-43b5-814c-41956fb4af72","STEI_054.basePlot.vst","2019-09-25","vst_STEI_2019","D05","STEI","STEI_054",,"NEON.PLA.D05.STEI.01794",,"ok","single bole tree","Live",20.5,130,,11.0,,,,,,,,,,,,,,,,,,,,,"0000-0001-6914-6364","0000-0002-3044-1400",
"0c376526-6aea-4de3-b553-dc3e99eb91e1","STEI_051.basePlot.vst","2019-09-25","vst_STEI_2019","D05","STEI","STEI_051",,"NEON.PLA.D05.STEI.01329",,"ok","small tree","Live",2.0,130,,3.1,,,,,,,,,,,,,,,,,,,,,"0000-0003-3626-6241","0000-0003-2421-1411",
"9cc55506-97c9-491f-9c92-f608a7fc246f","STEI_051.basePlot.vst","2019-09-25","vst_STEI_2019","D05","STEI","STEI_051",,"NEON.PLA.D05.STEI.01105B",,"ok","multi-bole tree","Live",3.3,130,,7.4,,,,,,,,,,,,,,,,,,,,,"0000-0003-3626-6241","0000-0003-2421-1411",
"fe5e562a-399d-41b5-9a15-1ff38076051b","STEI_054.basePlot.vst","2019-09-25","vst_STEI_2019","D05","STEI","STEI_054",,"NEON.PLA.D05.STEI.01921",,"ok","small tree","Live",1.5,130,,3.8,,,,,,,,,,,,,,,,,,,,,"0000-0001-6914-6364","0000-0002-3044-1400",
"3196a2ac-a2f2-4813-aa6e-47d51453f76a","STEI_054.basePlot.vst","2019-09-25","vst_STEI_2019","D05","STEI","STEI_054",,"NEON.PLA.D05.STEI.01821",,"ok","single bole tree","Live",23.4,130,,13.2,,,,,,,,,,,,,,,,,,,,,"0000-0001-6914-6364","0000-0002-3044-1400",
"0193e1b1-f079-4ed3-a45c-04b9f84a6805","STEI_054.basePlot.vst","2019-09-25","vst_STEI_2019","D05","STEI","STEI_054",,"NEON.PLA.D05.STEI.05550",,"ok","small tree","Standing dead",4.6,130,,6.4,,,,,,,,,,,,,,,,,,,,,"0000-0001-6914-6364","0000-0002-3044-1400",
"3e4af09a-bc82-436e-9072-f841be0fe6c6","STEI_054.basePlot.vst","2019-09-25","vst_STEI_2019","D05","STEI","STEI_054",,"NEON.PLA.D05.STEI.01954",,"ok","small tree","Standing dead",3.0,130,,4.3,,,,,,,,,,,,,,,,,,,,,"0000-0001-6914-6364","0000-0002-3044-1400",
"fd97a77b-4c48-41e4-a137-9a2c6250cee7","STEI_054.basePlot.vst","2019-09-25","vst_STEI_2019","D05","STEI","STEI_054",,"NEON.PLA.D05.STEI.01616",,"ok","single shrub","Live",1.2,130,,2.9,,,,1.0,0.9,,"inverted cone",1.7,10,0.26,0.15,,,,,,,,,,"0000-0001-6914-6364","0000-0002-3044-1400",
"f3b1692b-02df-4f44-911b-6a64a0b8b2e5","STEI_051.basePlot.vst","2019-09-25","vst_STEI_2019","D05","STEI","STEI_051",,"NEON.PLA.D05.STEI.01209",,"ok","single bole tree","Live",11.2,130,,10.0,,,,,,,,,,,,,,,,,,,,,"0000-0003-3626-6241","0000-0003-2421-1411",
"ef23bc53-bbe7-4d4b-9d4f-eb17e4bb288d","STEI_051.basePlot.vst","2019-09-25","vst_STEI_2019","D05","STEI","STEI_051",,"NEON.PLA.D05.STEI.01195",,"ok","small tree","Live",3.3,130,,2.4,,,,,,,,,,,,,,,,,,,,,"0000-0003-3626-6241","0000-0003-2421-1411",
"26710e38-6737-4956-ad78-6d06b0cc9a5e","STEI_054.basePlot.vst","2019-09-25","vst_STEI_2019","D05","STEI","STEI_054",,"NEON.PLA.D05.STEI.05565",,"ok","sapling","Live",,,,2.0,,,,,,,,1.5,10,,,,,,,,,,,,"0000-0001-6914-6364","0000-0002-3044-1400",
"ecee2ee3-2418-4900-8052-b391f5d8dc9a","STEI_054.basePlot.vst","2019-09-25","vst_STEI_2019","D05","STEI","STEI_054",,"NEON.PLA.D05.STEI.00009",,"ok","small shrub","Live",,,,2.0,,,,0.7,0.4,,"inverted cone",1.1,10,0.03,0.01,,,,,,,,,,"0000-0001-6914-6364","0000-0002-3044-1400",
"7fabc251-6bc3-494c-b525-745b5ce4c252","STEI_054.basePlot.vst","2019-09-25","vst_STEI_2019","D05","STEI","STEI_054",,"NEON.PLA.D05.STEI.01603",,"ok","single shrub","Live",1.3,130,,2.8,,,,1.5,1.3,,"inverted cone",1.7,10,0.50,0.20,,,,,,,,,,"0000-0001-6914-6364","0000-0002-3044-1400",
"881d3b2b-6db5-4276-b1bf-aa98f5036f28","STEI_054.basePlot.vst","2019-09-25","vst_STEI_2019","D05","STEI","STEI_054",,"NEON.PLA.D05.STEI.00406",,"ok","single bole tree","Live",11.1,130,,8.1,,,,,,,,,,,,,,,,,,,,,"0000-0001-6914-6364","0000-0002-3044-1400",
"c05c5314-1163-49fd-bd20-cb8c97e22536","STEI_051.basePlot.vst","2019-09-25","vst_STEI_2019","D05","STEI","STEI_051",,"NEON.PLA.D05.STEI.01332",,"ok","small tree","Standing dead",2.3,130,,3.4,,,,,,,,,,,,,,,,,,,,,"0000-0003-3626-6241","0000-0003-2421-1411",
"ea2a7536-aa7a-4fa9-a016-8abe53e1b9aa","STEI_054.basePlot.vst","2019-09-25","vst_STEI_2019","D05","STEI","STEI_054",,"NEON.PLA.D05.STEI.01740",,"ok","single bole tree","Live",13.8,130,,9.6,,,,,,,,,,,,,,,,,,,,,"0000-0001-6914-6364","0000-0002-3044-1400",
"c48820d4-7167-4df3-81a4-066c308c2a5d","STEI_051.basePlot.vst","2019-09-25","vst_STEI_2019","D05","STEI","STEI_051",,"NEON.PLA.D05.STEI.01154",,"ok","small tree","Standing dead",1.2,130,,2.1,,,,,,,,,,,,,,,,,,,,,"0000-0003-3626-6241","0000-0003-2421-1411",
"52218571-17e6-4cb7-b036-5fd78f9cbfa7","STEI_051.basePlot.vst","2019-09-25","vst_STEI_2019","D05","STEI","STEI_051",,"NEON.PLA.D05.STEI.01061",,"ok","small tree","Live",3.3,130,,4.6,,,,,,,,,,,,,,,,,,,,,"0000-0003-3626-6241","0000-0003-2421-1411",
"32512ecb-3678-4acb-8da5-d961d96ff01c","STEI_051.basePlot.vst","2019-09-25","vst_STEI_2019","D05","STEI","STEI_051",,"NEON.PLA.D05.STEI.01181B",,"ok","multi-bole tree","Live",10.2,130,,16.1,,,,,,,,,,,,,,,,,,,,,"0000-0003-3626-6241","0000-0003-2421-1411",
"72e9c7a4-39ed-49d5-a7dd-45fc8d36b340","STEI_054.basePlot.vst","2019-09-25","vst_STEI_2019","D05","STEI","STEI_054",,"NEON.PLA.D05.STEI.00016",,"ok","multi-bole tree","Live",10.2,130,,10.6,,,,,,,,,,,,,,,,,,,,,"0000-0001-6914-6364","0000-0002-3044-1400",
"7c908975-8da7-4755-8455-7e3dc692db65","STEI_054.basePlot.vst","2019-09-25","vst_STEI_2019","D05","STEI","STEI_054",,"NEON.PLA.D05.STEI.00243",,"ok","single bole tree","Live",13.6,130,,10.2,,,,,,,,,,,,,,,,,,,,,"0000-0001-6914-6364","0000-0002-3044-1400",
"58027ec9-a9fc-4e53-b6cf-27819bdb8d74","STEI_051.basePlot.vst","2019-09-25","vst_STEI_2019","D05","STEI","STEI_051",,"NEON.PLA.D05.STEI.01317A",,"ok","multi-bole tree","Live",11.3,130,,13.1,,,,,,,,,,,,,,,,,,,,,"0000-0003-3626-6241","0000-0003-2421-1411",
"7b41b8f8-5d14-4b83-8946-e530ab874b68","STEI_054.basePlot.vst","2019-09-25","vst_STEI_2019","D05","STEI","STEI_054",,"NEON.PLA.D05.STEI.01985",,"ok","small tree","Standing dead",3.5,130,,4.8,,,,,,,,,,,,,,,,,,,,,"0000-0001-6914-6364","0000-0002-3044-1400",
"bc96add6-ba15-4387-86e0-9b0b105b2c40","STEI_054.basePlot.vst","2019-09-25","vst_STEI_2019","D05","STEI","STEI_054",,"NEON.PLA.D05.STEI.05563",,"ok","small tree","Standing dead",2.3,130,,3.8,,,,,,,,,,,,,,,,,,,,,"0000-0001-6914-6364","0000-0002-3044-1400",
"ee1cb020-fd3c-4ad1-bfab-d744db8a6000","STEI_054.basePlot.vst","2019-09-25","vst_STEI_2019","D05","STEI","STEI_054",,"NEON.PLA.D05.STEI.01846",,"ok","small tree","Standing dead",2.5,130,,4.1,,,,,,,,,,,,,,,,,,,,,"0000-0001-6914-6364","0000-0002-3044-1400",
"f6eb883d-e1cf-481a-879a-d491a971050e","STEI_051.basePlot.vst","2019-09-25","vst_STEI_2019","D05","STEI","STEI_051",,"NEON.PLA.D05.STEI.01319",,"ok","multi-bole tree","Live",16.6,130,,13.2,,,,,,,,,,,,,,,,,,,,,"0000-0003-3626-6241","0000-0003-2421-1411",
"223002c0-d04b-4452-9826-34c2b0473306","STEI_054.basePlot.vst","2019-09-25","vst_STEI_2019","D05","STEI","STEI_054",,"NEON.PLA.D05.STEI.01947",,"ok","small tree","Live",8.1,130,,7.5,,,,,,,,,,,,,,,,,,,,,"0000-0001-6914-6364","0000-0002-3044-1400",
"682c9b9a-5a4f-4547-b89f-f7a29686c974","STEI_054.basePlot.vst","2019-09-25","vst_STEI_2019","D05","STEI","STEI_054",,"NEON.PLA.D05.STEI.00406A",,"ok","multi-bole tree","Standing dead",6.5,130,,6.0,,,,,,,,,,,,,,,,,,,,"Tag is missing","0000-0001-6914-6364","0000-0002-3044-1400",
"f931f410-406e-46dd-811d-b346311173a8","STEI_054.basePlot.vst","2019-09-25","vst_STEI_2019","D05","STEI","STEI_054",,"NEON.PLA.D05.STEI.01813",,"ok","single bole tree","Live",16.0,130,,10.1,,,,,,,,,,,,,,,,,,,,,"0000-0001-6914-6364","0000-0002-3044-1400",
"32eb81fd-2be7-4371-887d-55e080230aff","STEI_051.basePlot.vst","2019-09-25","vst_STEI_2019","D05","STEI","STEI_051",,"NEON.PLA.D05.STEI.01112",,"ok","small tree","Live",2.8,130,,6.2,,,,,,,,,,,,,,,,,,,,,"0000-0003-3626-6241","0000-0003-2421-1411",
"06e992dd-3b49-4993-ae35-160db860297a","STEI_051.basePlot.vst","2019-09-25","vst_STEI_2019","D05","STEI","STEI_051",,"NEON.PLA.D05.STEI.01174",,"ok","single bole tree","Live",27.3,130,,16.8,,,,,,,,,,,,,,,,,,,,,"0000-0003-3626-6241","0000-0003-2421-1411",
"789eaf3d-c371-40e2-be3e-9fb17890d1e5","STEI_054.basePlot.vst","2019-09-25","vst_STEI_2019","D05","STEI","STEI_054",,"NEON.PLA.D05.STEI.00012",,"ok","small shrub","Live",,,,1.8,,,,0.5,0.4,,"inverted cone",1.0,10,0.22,0.01,,,,,,,,,,"0000-0001-6914-6364","0000-0002-3044-1400",
"2d640ec6-da8c-4add-873a-323bb64eddc1","STEI_051.basePlot.vst","2019-09-25","vst_STEI_2019","D05","STEI","STEI_051",,"NEON.PLA.D05.STEI.01245",,"ok","single bole tree","Live",24.0,130,,16.1,,,,,,,,,,,,,,,,,,,,,"0000-0003-3626-6241","0000-0003-2421-1411",
"16fd4550-4b77-4797-92a6-608e91a512c8","STEI_054.basePlot.vst","2019-09-25","vst_STEI_2019","D05","STEI","STEI_054",,"NEON.PLA.D05.STEI.01889",,"ok","sapling","Live",,,,2.1,,,,,,,,2.3,10,,,,,,,,,,,,"0000-0001-6914-6364","0000-0002-3044-1400",
"dc71f05b-8678-46ad-9c56-e3941ab3cb67","STEI_054.basePlot.vst","2019-09-25","vst_STEI_2019","D05","STEI","STEI_054",,"NEON.PLA.D05.STEI.01900",,"ok","single shrub","Live",1.4,130,,3.4,,,,1.0,0.8,,"inverted cone",2.0,10,0.18,0.16,,,,,,,,,,"0000-0001-6914-6364","0000-0002-3044-1400",
"6eff5eaf-8fd9-41f9-b9ac-3c6904de72f8","STEI_051.basePlot.vst","2019-09-25","vst_STEI_2019","D05","STEI","STEI_051",,"NEON.PLA.D05.STEI.01052",,"ok","single bole tree","Live",19.2,130,,17.0,,,,,,,,,,,,,,,,,,,,"Fully senesced","0000-0003-3626-6241","0000-0003-2421-1411",
"88215434-da02-4cf8-9a8d-a3f724a5dae7","STEI_054.basePlot.vst","2019-09-25","vst_STEI_2019","D05","STEI","STEI_054",,"NEON.PLA.D05.STEI.01836",,"ok","single bole tree","Live",10.1,150,,8.2,,,,,,,,,,,,,,,,,,,,,"0000-0001-6914-6364","0000-0002-3044-1400",
"27b3e625-5b29-49dc-8018-e3aa947460a2","STEI_051.basePlot.vst","2019-09-25","vst_STEI_2019","D05","STEI","STEI_051",,"NEON.PLA.D05.STEI.01369",,"ok","single bole tree","Live",35.5,130,,18.0,,,,,,,,,,,,,,,,,,,,,"0000-0003-3626-6241","0000-0003-2421-1411",
"bee869c5-513b-4ce7-b44a-78948d229501","STEI_051.basePlot.vst","2019-09-25","vst_STEI_2019","D05","STEI","STEI_051",,"NEON.PLA.D05.STEI.01342",,"ok","small tree","Live",2.3,130,,3.4,,,,,,,,,,,,,,,,,,,,,"0000-0003-3626-6241","0000-0003-2421-1411",
"54071b5a-307a-40fb-a47f-756f16d1fa18","STEI_046.basePlot.vst","2019-09-26","vst_STEI_2019","D05","STEI","STEI_046",,"NEON.PLA.D05.STEI.01309",,"ok","small tree","Live",3.6,130,,2.8,,,,,,,,,,,,,,,,,,,,,"0000-0001-6293-6881","0000-0001-6914-6364",
"db348259-6ff2-4350-bb7e-54c81eba9d41","STEI_046.basePlot.vst","2019-09-26","vst_STEI_2019","D05","STEI","STEI_046",,"NEON.PLA.D05.STEI.01363",,"ok","sapling","Live",,,,1.6,,,,,,,,2.5,10,,,,,,,,,,,,"0000-0001-6293-6881","0000-0001-6914-6364",
"747e3134-31da-4c6e-b348-29fe9c8607cd","STEI_046.basePlot.vst","2019-09-26","vst_STEI_2019","D05","STEI","STEI_046",,"NEON.PLA.D05.STEI.01286",,"ok","single bole tree","Live",12.1,130,,8.5,,,,,,,,,,,,,,,,,,,,,"0000-0001-6293-6881","0000-0001-6914-6364",
"2799005a-9ed6-4700-ad61-724e2196f890","STEI_046.basePlot.vst","2019-09-26","vst_STEI_2019","D05","STEI","STEI_046",,"NEON.PLA.D05.STEI.01078",,"ok","single bole tree","Live",46.9,130,,17.1,,,,,,,,,,,,,,,,,,,,,"0000-0001-6293-6881","0000-0001-6914-6364",
"b940c79c-2673-4bcb-97cf-d9fafb60d5cd","STEI_046.basePlot.vst","2019-09-26","vst_STEI_2019","D05","STEI","STEI_046",,"NEON.PLA.D05.STEI.01279A",,"ok","small tree","Live",3.0,130,,5.6,,,,,,,,,,,,,,,,,,,,,"0000-0001-6293-6881","0000-0001-6914-6364",
"99ca0b20-9081-445f-94c7-be81f3c88b0a","STEI_046.basePlot.vst","2019-09-26","vst_STEI_2019","D05","STEI","STEI_046",,"NEON.PLA.D05.STEI.01077",,"ok","single bole tree","Live",20.6,130,,15.8,,,,,,,,,,,,,,,,,,,,,"0000-0001-6293-6881","0000-0001-6914-6364",
"b961a30a-c876-4e8c-a3fe-f70f46f56721","STEI_046.basePlot.vst","2019-09-26","vst_STEI_2019","D05","STEI","STEI_046",,"NEON.PLA.D05.STEI.01071A",,"ok","multi-bole tree","Live",15.4,130,,12.4,,,,,,,,,,,,,,,,,,,,,"0000-0001-6293-6881","0000-0001-6914-6364",
"640ffb12-b868-4da6-a12a-23bc9ca6d840","STEI_046.basePlot.vst","2019-09-26","vst_STEI_2019","D05","STEI","STEI_046",,"NEON.PLA.D05.STEI.00566",,"ok","sapling","Live",,,,0.7,,,,,,,,1.0,10,,,,,,,,,,,,"0000-0001-6293-6881","0000-0001-6914-6364",
"38276ddc-4616-4fcf-a71c-23c8260fe8a8","STEI_046.basePlot.vst","2019-09-26","vst_STEI_2019","D05","STEI","STEI_046",,"NEON.PLA.D05.STEI.01279",,"ok","small tree","Live",3.3,130,,5.6,,,,,,,,,,,,,,,,,,,,,"0000-0001-6293-6881","0000-0001-6914-6364",
"668959a9-b141-4083-bd4d-afabe4fbbff6","STEI_046.basePlot.vst","2019-09-26","vst_STEI_2019","D05","STEI","STEI_046",,"NEON.PLA.D05.STEI.01188",,"ok","small tree","Live",6.4,130,,4.5,,,,,,,,,,,,,,,,,,,,,"0000-0001-6293-6881","0000-0001-6914-6364",
"d217e037-87cd-41dd-9a34-85e8b3f73401","STEI_046.basePlot.vst","2019-09-26","vst_STEI_2019","D05","STEI","STEI_046",,"NEON.PLA.D05.STEI.01364",,"ok","small tree","Live",2.6,130,,2.8,,,,,,,,,,,,,,,,,,,,,"0000-0001-6293-6881","0000-0001-6914-6364",
"659f99a6-1948-4335-8a19-9681b1d31778","STEI_046.basePlot.vst","2019-09-26","vst_STEI_2019","D05","STEI","STEI_046",,"NEON.PLA.D05.STEI.05214",,"ok","small tree","Live",1.3,130,,1.9,,,,,,,,,,,,,,,,,,,,,"0000-0001-6293-6881","0000-0001-6914-6364",
"3b19f4a2-0111-403b-aa3e-67b6557005f1","STEI_046.basePlot.vst","2019-09-26","vst_STEI_2019","D05","STEI","STEI_046",,"NEON.PLA.D05.STEI.01242",,"ok","small tree","Live",6.4,130,,8.8,,,,,,,,,,,,,,,,,,,,"Fully senesced","0000-0001-6293-6881","0000-0001-6914-6364",
"683dc4eb-cf30-4e77-8e05-30b5ae0e702e","STEI_046.basePlot.vst","2019-09-26","vst_STEI_2019","D05","STEI","STEI_046",,"NEON.PLA.D05.STEI.01163",,"ok","single bole tree","Live",20.8,130,,13.8,,,,,,,,,,,,,,,,,,,,,"0000-0001-6293-6881","0000-0001-6914-6364",
"61ca59ff-e810-4a55-bd8c-5bc877ad2145","STEI_046.basePlot.vst","2019-09-26","vst_STEI_2019","D05","STEI","STEI_046",,"NEON.PLA.D05.STEI.00671",,"ok","single bole tree","Live",11.1,130,,8.5,,,,,,,,,,,,,,,,,,,,,"0000-0001-6293-6881","0000-0001-6914-6364",
"00e6466b-bbed-4531-bf7c-eda70adda7f9","STEI_046.basePlot.vst","2019-09-26","vst_STEI_2019","D05","STEI","STEI_046",,"NEON.PLA.D05.STEI.01070",,"ok","multi-bole tree","Live",20.4,144,,14.3,,,,,,,,,,,,,,,,,,,,,"0000-0001-6293-6881","0000-0001-6914-6364",
"68430ef1-7591-4c9f-b75c-1f6eac3aecee","STEI_046.basePlot.vst","2019-09-26","vst_STEI_2019","D05","STEI","STEI_046",,"NEON.PLA.D05.STEI.01371",,"ok","single bole tree","Live",16.2,130,,14.8,,,,,,,,,,,,,,,,,,,,,"0000-0001-6293-6881","0000-0001-6914-6364",
"139e35ca-1132-401c-b3ff-92ea57bfc0a7","STEI_046.basePlot.vst","2019-09-26","vst_STEI_2019","D05","STEI","STEI_046",,"NEON.PLA.D05.STEI.01080",,"ok","single bole tree","Live",11.7,130,,11.4,,,,,,,,,,,,,,,,,,,,"Fully senesced","0000-0001-6293-6881","0000-0001-6914-6364",
"368b38d5-f063-4d1c-a75c-cdab03aba619","STEI_046.basePlot.vst","2019-09-26","vst_STEI_2019","D05","STEI","STEI_046",,"NEON.PLA.D05.STEI.01254",,"ok","small tree","Live",1.8,130,,2.9,,,,,,,,,,,,,,,,,,,,,"0000-0001-6293-6881","0000-0001-6914-6364",
"6b74f853-bb8b-4856-bda4-86e8176a27ac","STEI_046.basePlot.vst","2019-09-26","vst_STEI_2019","D05","STEI","STEI_046",,"NEON.PLA.D05.STEI.01310",,"ok","single bole tree","Live",11.3,130,,7.1,,,,,,,,,,,,,,,,,,,,,"0000-0001-6293-6881","0000-0001-6914-6364",
"0a1d7248-fe13-4eda-9660-cef23b9ebdc9","STEI_046.basePlot.vst","2019-09-26","vst_STEI_2019","D05","STEI","STEI_046",,"NEON.PLA.D05.STEI.01281",,"ok","multi-bole tree","Live",30.3,130,,12.9,,,,,,,,,,,,,,,,,,,,,"0000-0001-6293-6881","0000-0001-6914-6364",
"ef523f59-40a2-4b73-9db7-9f8746c9e058","STEI_046.basePlot.vst","2019-09-26","vst_STEI_2019","D05","STEI","STEI_046",,"NEON.PLA.D05.STEI.01236",,"ok","single bole tree","Live",13.1,130,,9.1,,,,,,,,,,,,,,,,,,,,,"0000-0001-6293-6881","0000-0001-6914-6364",
"47b85380-8277-43fa-bede-e6cdf581f650","STEI_046.basePlot.vst","2019-09-26","vst_STEI_2019","D05","STEI","STEI_046",,"NEON.PLA.D05.STEI.01324",,"ok","multi-bole tree","Live",25.0,130,,14.0,,,,,,,,,,,,,,,,,,,,,"0000-0001-6293-6881","0000-0001-6914-6364",
"fc60bcf9-de5b-429a-b22d-ea375f8a1b03","STEI_046.basePlot.vst","2019-09-26","vst_STEI_2019","D05","STEI","STEI_046",,"NEON.PLA.D05.STEI.01149",,"ok","single bole tree","Live",25.2,130,,15.5,,,,,,,,,,,,,,,,,,,,,"0000-0001-6293-6881","0000-0001-6914-6364",
"307890aa-8193-4be5-93bd-807d4215881f","STEI_046.basePlot.vst","2019-09-26","vst_STEI_2019","D05","STEI","STEI_046",,"NEON.PLA.D05.STEI.01216",,"ok","single bole tree","Live",1.5,130,,9.5,,,,,,,,,,,,,,,,,,,,,"0000-0001-6293-6881","0000-0001-6914-6364",
"23408fc6-a848-4de6-a3f9-0c8dc4b1796a","STEI_046.basePlot.vst","2019-09-26","vst_STEI_2019","D05","STEI","STEI_046",,"NEON.PLA.D05.STEI.01165",,"ok","small tree","Live",1.9,130,,3.6,,,,,,,,,,,,,,,,,,,,,"0000-0001-6293-6881","0000-0001-6914-6364",
"52188ca8-4847-47de-ad22-2170c07afdaa","STEI_046.basePlot.vst","2019-09-26","vst_STEI_2019","D05","STEI","STEI_046",,"NEON.PLA.D05.STEI.01075",,"ok","single bole tree","Live",17.2,130,,14.0,,,,,,,,,,,,,,,,,,,,"Fully senesced","0000-0001-6293-6881","0000-0001-6914-6364",
"f9a8376c-c9ab-4a02-b6fe-9ae46a9f939a","STEI_046.basePlot.vst","2019-09-26","vst_STEI_2019","D05","STEI","STEI_046",,"NEON.PLA.D05.STEI.01357",,"ok","small tree","Live",2.7,130,,3.2,,,,,,,,,,,,,,,,,,,,,"0000-0001-6293-6881","0000-0001-6914-6364",
"1e12eab4-d5b1-4384-8aa9-0819cfd501ef","STEI_046.basePlot.vst","2019-09-26","vst_STEI_2019","D05","STEI","STEI_046",,"NEON.PLA.D05.STEI.01251",,"ok","single bole tree","Live",31.3,130,,12.7,,,,,,,,,,,,,,,,,,,,,"0000-0001-6293-6881","0000-0001-6914-6364",
"b2c8efaa-b1a3-49ae-8edf-ca1352dbc03c","STEI_046.basePlot.vst","2019-09-26","vst_STEI_2019","D05","STEI","STEI_046",,"NEON.PLA.D05.STEI.01166",,"ok","sapling","Live",,,,1.3,,,,,,,,1.6,10,,,,,,,,,,,,"0000-0001-6293-6881","0000-0001-6914-6364",
"0a753d2f-2d27-49ae-80b0-fd0619664bc1","STEI_046.basePlot.vst","2019-09-26","vst_STEI_2019","D05","STEI","STEI_046",,"NEON.PLA.D05.STEI.01261",,"ok","small tree","Live",3.1,130,,4.3,,,,,,,,,,,,,,,,,,,,,"0000-0001-6293-6881","0000-0001-6914-6364",
"2cec38af-a696-4877-8b51-3d22d5af9c05","STEI_046.basePlot.vst","2019-09-26","vst_STEI_2019","D05","STEI","STEI_046",,"NEON.PLA.D05.STEI.01047",,"ok","small tree","Live",1.5,130,,2.0,,,,,,,,,,,,,,,,,,,,,"0000-0001-6293-6881","0000-0001-6914-6364",
"53f0c26d-8180-4ed8-a514-769e727c1bcc","STEI_046.basePlot.vst","2019-09-26","vst_STEI_2019","D05","STEI","STEI_046",,"NEON.PLA.D05.STEI.01323",,"ok","single bole tree","Dead, broken bole",10.6,130,,3.6,,3.6,9.4,,,,,,,,,,,,,,,,,,"0000-0001-6293-6881","0000-0001-6914-6364",
"686b9a00-1201-4a58-b871-dd01e2a729e1","STEI_046.basePlot.vst","2019-09-26","vst_STEI_2019","D05","STEI","STEI_046",,"NEON.PLA.D05.STEI.01158",,"ok","small tree","Live",2.3,130,,1.9,,,,,,,,,,,,,,,,,,,,,"0000-0001-6293-6881","0000-0001-6914-6364",
"2e3ab374-a766-46b9-9944-a66a97f38ebc","STEI_046.basePlot.vst","2019-09-26","vst_STEI_2019","D05","STEI","STEI_046",,"NEON.PLA.D05.STEI.05217",,"ok","single bole tree","Live",12.9,130,,10.3,,,,,,,,,,,,,,,,,,,,,"0000-0001-6293-6881","0000-0001-6914-6364",
"9b61f6cf-976d-4b7b-aca3-bcb641613fc0","STEI_046.basePlot.vst","2019-09-26","vst_STEI_2019","D05","STEI","STEI_046",,"NEON.PLA.D05.STEI.01382",,"ok","single bole tree","Live",13.8,130,,10.0,,,,,,,,,,,,,,,,,,,,,"0000-0001-6293-6881","0000-0001-6914-6364",
"0ea68662-8dc1-4ff0-b00f-8b781ab2e370","STEI_046.basePlot.vst","2019-09-26","vst_STEI_2019","D05","STEI","STEI_046",,"NEON.PLA.D05.STEI.01205",,"ok","single bole tree","Live, physically damaged",15.4,130,,12.6,,,,,,,,,,,,,,,,,,,,,"0000-0001-6293-6881","0000-0001-6914-6364",
"e92a36dd-5690-4b47-a543-4d32d24e935a","STEI_046.basePlot.vst","2019-09-26","vst_STEI_2019","D05","STEI","STEI_046",,"NEON.PLA.D05.STEI.01063",,"ok","single bole tree","Live",17.1,130,,12.2,,,,,,,,,,,,,,,,,,,,,"0000-0001-6293-6881","0000-0001-6914-6364",
"b0340f77-0e22-4166-a9c9-c6647042f334","STEI_046.basePlot.vst","2019-09-26","vst_STEI_2019","D05","STEI","STEI_046",,"NEON.PLA.D05.STEI.01134",,"ok","small tree","Live",3.9,130,,3.6,,,,,,,,,,,,,,,,,,,,,"0000-0001-6293-6881","0000-0001-6914-6364",
"e3f9340e-07da-42c8-a662-d07ac7c31d09","STEI_046.basePlot.vst","2019-09-26","vst_STEI_2019","D05","STEI","STEI_046",,"NEON.PLA.D05.STEI.01087",,"ok","single bole tree","Live",17.8,130,,12.1,,,,,,,,,,,,,,,,,,,,"Fully senesced","0000-0001-6293-6881","0000-0001-6914-6364",
"b7a506d8-9373-4030-9e9c-52aec4db839c","STEI_046.basePlot.vst","2019-09-26","vst_STEI_2019","D05","STEI","STEI_046",,"NEON.PLA.D05.STEI.03310",,"ok","single bole tree","Live",11.0,130,,9.3,,,,,,,,,,,,,,,,,,,,,"0000-0001-6293-6881","0000-0001-6914-6364",
"2eed4ff3-f1a1-456d-85d1-cb9f5db20c70","STEI_046.basePlot.vst","2019-09-26","vst_STEI_2019","D05","STEI","STEI_046",,"NEON.PLA.D05.STEI.01164",,"ok","single bole tree","Live",11.1,130,,8.3,,,,,,,,,,,,,,,,,,,,,"0000-0001-6293-6881","0000-0001-6914-6364",
"a6c26149-2b07-41f9-8ece-1c38626b121a","STEI_046.basePlot.vst","2019-09-26","vst_STEI_2019","D05","STEI","STEI_046",,"NEON.PLA.D05.STEI.05126",,"ok","small tree","Live",1.2,130,,2.5,,,,,,,,,,,,,,,,,,,,,"0000-0001-6293-6881","0000-0001-6914-6364",
"c6bc0126-3da1-4441-b7dc-36e5a027871a","STEI_046.basePlot.vst","2019-09-26","vst_STEI_2019","D05","STEI","STEI_046",,"NEON.PLA.D05.STEI.01190",,"ok","small tree","Live",1.4,130,,1.8,,,,,,,,,,,,,,,,,,,,,"0000-0001-6293-6881","0000-0001-6914-6364",
"6aa7a9f6-e77a-4e00-8ae2-da20478f4736","STEI_046.basePlot.vst","2019-09-26","vst_STEI_2019","D05","STEI","STEI_046",,"NEON.PLA.D05.STEI.01148",,"ok","small tree","Live",1.9,130,,1.8,,,,,,,,,,,,,,,,,,,,,"0000-0001-6293-6881","0000-0001-6914-6364",
"f7125ee2-0604-4f4b-835e-a244ca9d6399","STEI_046.basePlot.vst","2019-09-26","vst_STEI_2019","D05","STEI","STEI_046",,"NEON.PLA.D05.STEI.03308",,"ok","sapling","Live",,,,1.1,,,,,,,,1.6,10,,,,,,,,,,,,"0000-0001-6293-6881","0000-0001-6914-6364",
"86557723-b7d9-4748-a15a-5d54f9010076","STEI_046.basePlot.vst","2019-09-26","vst_STEI_2019","D05","STEI","STEI_046",,"NEON.PLA.D05.STEI.01324A",,"ok","multi-bole tree","Live",24.2,130,,14.0,,,,,,,,,,,,,,,,,,,,,"0000-0001-6293-6881","0000-0001-6914-6364",
"b03af012-e08f-4169-843b-0b9bc1183b04","STEI_046.basePlot.vst","2019-09-26","vst_STEI_2019","D05","STEI","STEI_046",,"NEON.PLA.D05.STEI.00592",,"ok","single bole tree","Live",11.0,144,,10.7,,,,,,,,,,,,,,,,,,,,,"0000-0001-6293-6881","0000-0001-6914-6364",
"f59b92b8-83a1-44e1-a3fb-3f4ebee70f1a","STEI_046.basePlot.vst","2019-09-26","vst_STEI_2019","D05","STEI","STEI_046",,"NEON.PLA.D05.STEI.01146",,"ok","small tree","Live",4.1,130,,3.9,,,,,,,,,,,,,,,,,,,,,"0000-0001-6293-6881","0000-0001-6914-6364",
"351a3c5f-83f1-4d28-b7bc-1528f754fdcc","STEI_046.basePlot.vst","2019-09-26","vst_STEI_2019","D05","STEI","STEI_046",,"NEON.PLA.D05.STEI.00533",,"ok","single bole tree","Live",10.5,130,,7.2,,,,,,,,,,,,,,,,,,,,,"0000-0001-6293-6881","0000-0001-6914-6364",
"0cec8999-32c3-4770-8779-ad048675ab43","STEI_046.basePlot.vst","2019-09-26","vst_STEI_2019","D05","STEI","STEI_046",,"NEON.PLA.D05.STEI.01071",,"ok","multi-bole tree","Live",15.6,130,,12.4,,,,,,,,,,,,,,,,,,,,,"0000-0001-6293-6881","0000-0001-6914-6364",
"4aa47741-3156-45cc-8706-9fe2d9ea06f7","STEI_046.basePlot.vst","2019-09-26","vst_STEI_2019","D05","STEI","STEI_046",,"NEON.PLA.D05.STEI.01073",,"ok","single bole tree","Live",22.8,130,,15.0,,,,,,,,,,,,,,,,,,,,,"0000-0001-6293-6881","0000-0001-6914-6364",
"7b507cf8-6566-4fb4-abf7-0d1510892cf1","STEI_046.basePlot.vst","2019-09-26","vst_STEI_2019","D05","STEI","STEI_046",,"NEON.PLA.D05.STEI.01383A",,"ok","multi-bole tree","Live",8.6,130,,10.7,,,,,,,,,,,,,,,,,,,,,"0000-0001-6293-6881","0000-0001-6914-6364",
"4271591e-c777-41a7-bbab-8f736005f740","STEI_046.basePlot.vst","2019-09-26","vst_STEI_2019","D05","STEI","STEI_046",,"NEON.PLA.D05.STEI.01159",,"ok","small tree","Live",8.2,130,,7.1,,,,,,,,,,,,,,,,,,,,,"0000-0001-6293-6881","0000-0001-6914-6364",
"db2e2317-9956-4bb0-92c3-6399cff14bc1","STEI_046.basePlot.vst","2019-09-26","vst_STEI_2019","D05","STEI","STEI_046",,"NEON.PLA.D05.STEI.01313",,"ok","single bole tree","Live",23.5,130,,12.3,,,,,,,,,,,,,,,,,,,,,"0000-0001-6293-6881","0000-0001-6914-6364",
"7968db30-cee8-4e76-a147-6ae31c4b0f08","STEI_046.basePlot.vst","2019-09-26","vst_STEI_2019","D05","STEI","STEI_046",,"NEON.PLA.D05.STEI.01037",,"ok","single bole tree","Live",12.7,130,,9.3,,,,,,,,,,,,,,,,,,,,,"0000-0001-6293-6881","0000-0001-6914-6364",
"ebae393f-6e52-4e11-8b54-63a20f850688","STEI_046.basePlot.vst","2019-09-26","vst_STEI_2019","D05","STEI","STEI_046",,"NEON.PLA.D05.STEI.01395",,"ok","single bole tree","Live",27.2,130,,14.9,,,,,,,,,,,,,,,,,,,,,"0000-0001-6293-6881","0000-0001-6914-6364",
"96b225b8-b433-46ff-af17-221aced450c2","STEI_046.basePlot.vst","2019-09-26","vst_STEI_2019","D05","STEI","STEI_046",,"NEON.PLA.D05.STEI.01086",,"ok","single bole tree","Live",21.5,130,,13.6,,,,,,,,,,,,,,,,,,,,,"0000-0001-6293-6881","0000-0001-6914-6364",
"46bc71ca-e66a-4bfc-9ddb-1820b47ffde5","STEI_046.basePlot.vst","2019-09-26","vst_STEI_2019","D05","STEI","STEI_046",,"NEON.PLA.D05.STEI.01076",,"ok","sapling","Live",,,,1.3,,,,,,,,1.9,10,,,,,,,,,,,,"0000-0001-6293-6881","0000-0001-6914-6364",
"419f7504-23af-4920-b6ce-02d2aca4b7d9","STEI_046.basePlot.vst","2019-09-26","vst_STEI_2019","D05","STEI","STEI_046",,"NEON.PLA.D05.STEI.01241",,"ok","small tree","Live",2.6,130,,3.1,,,,,,,,,,,,,,,,,,,,,"0000-0001-6293-6881","0000-0001-6914-6364",
"93576b67-4c94-491d-9c98-120718e067ba","STEI_046.basePlot.vst","2019-09-26","vst_STEI_2019","D05","STEI","STEI_046",,"NEON.PLA.D05.STEI.05215",,"ok","small tree","Live",1.4,130,,2.4,,,,,,,,,,,,,,,,,,,,,"0000-0001-6293-6881","0000-0001-6914-6364",
"6e87c097-ad22-497c-b41f-99d06ffe1a75","STEI_046.basePlot.vst","2019-09-26","vst_STEI_2019","D05","STEI","STEI_046",,"NEON.PLA.D05.STEI.00276",,"ok","single bole tree","Live",11.4,130,,9.3,,,,,,,,,,,,,,,,,,,,,"0000-0001-6293-6881","0000-0001-6914-6364",
"760fad5d-6089-4ee3-ac16-b6cc2d04dad8","STEI_046.basePlot.vst","2019-09-26","vst_STEI_2019","D05","STEI","STEI_046",,"NEON.PLA.D05.STEI.01110",,"ok","small tree","Live",2.4,130,,3.0,,,,,,,,,,,,,,,,,,,,,"0000-0001-6293-6881","0000-0001-6914-6364",
"5f739e4e-b11c-4136-bec1-472d5c2d7185","STEI_046.basePlot.vst","2019-09-26","vst_STEI_2019","D05","STEI","STEI_046",,"NEON.PLA.D05.STEI.01150",,"ok","small tree","Live",3.4,130,,2.9,,,,,,,,,,,,,,,,,,,,,"0000-0001-6293-6881","0000-0001-6914-6364",
"ce7800db-5c08-4270-a0ea-be43114a0c44","STEI_046.basePlot.vst","2019-09-26","vst_STEI_2019","D05","STEI","STEI_046",,"NEON.PLA.D05.STEI.01192",,"ok","single bole tree","Live",16.6,130,,12.3,,,,,,,,,,,,,,,,,,,,,"0000-0001-6293-6881","0000-0001-6914-6364",
"2ccfd446-891e-4663-8a76-642b9cee6cae","STEI_046.basePlot.vst","2019-09-26","vst_STEI_2019","D05","STEI","STEI_046",,"NEON.PLA.D05.STEI.01070B",,"ok","multi-bole tree","Dead, broken bole",10.2,130,,14.3,,5.1,,,,,,,,,,,,,,,,,,"Couldn't find broken piece for break diameter.","0000-0001-6293-6881","0000-0001-6914-6364",
"ce5083b7-0c59-45fa-9263-dd1717d4af65","STEI_046.basePlot.vst","2019-09-26","vst_STEI_2019","D05","STEI","STEI_046",,"NEON.PLA.D05.STEI.01070A",,"ok","multi-bole tree","Dead, broken bole",19.0,130,,14.3,,11.2,,,,,,,,,,,,,,,,,,"Blue tag on the bole had letters A and B. We assumed it was the A bole because it was larger. Also couldn't find broken piece to get break diameter.","0000-0001-6293-6881","0000-0001-6914-6364",
"64762f02-8a75-4520-a2db-a7d89fb3a198","STEI_046.basePlot.vst","2019-09-26","vst_STEI_2019","D05","STEI","STEI_046",,"NEON.PLA.D05.STEI.01225",,"ok","single bole tree","Live",19.9,130,,11.9,,,,,,,,,,,,,,,,,,,,,"0000-0001-6293-6881","0000-0001-6914-6364",
"cff25583-901b-486c-85f9-550792f6cd51","STEI_046.basePlot.vst","2019-09-26","vst_STEI_2019","D05","STEI","STEI_046",,"NEON.PLA.D05.STEI.01016",,"ok","small tree","Live",1.4,130,,1.8,,,,,,,,,,,,,,,,,,,,,"0000-0001-6293-6881","0000-0001-6914-6364",
"4c09163d-8a19-45da-9aca-87ffbd2d1370","STEI_046.basePlot.vst","2019-09-26","vst_STEI_2019","D05","STEI","STEI_046",,"NEON.PLA.D05.STEI.01354",,"ok","single bole tree","Live",20.1,130,,10.6,,,,,,,,,,,,,,,,,,,,,"0000-0001-6293-6881","0000-0001-6914-6364",
"c61cbd52-b4ce-45a9-8a5c-bc88dcb3c9bf","STEI_046.basePlot.vst","2019-09-26","vst_STEI_2019","D05","STEI","STEI_046",,"NEON.PLA.D05.STEI.01081",,"ok","single bole tree","Live",30.2,130,,15.3,,,,,,,,,,,,,,,,,,,,,"0000-0001-6293-6881","0000-0001-6914-6364",
"fd68ae57-c392-4cf9-9ec5-8552d4444452","STEI_046.basePlot.vst","2019-09-26","vst_STEI_2019","D05","STEI","STEI_046",,"NEON.PLA.D05.STEI.01289",,"ok","small tree","Live",7.6,130,,5.5,,,,,,,,,,,,,,,,,,,,,"0000-0001-6293-6881","0000-0001-6914-6364",
"2913c803-f716-43e7-a17d-d11f4569f10d","STEI_046.basePlot.vst","2019-09-26","vst_STEI_2019","D05","STEI","STEI_046",,"NEON.PLA.D05.STEI.01383",,"ok","multi-bole tree","Live",12.6,130,,10.7,,,,,,,,,,,,,,,,,,,,,"0000-0001-6293-6881","0000-0001-6914-6364",
"f3d7e990-33d1-4d92-be2b-cd6778f5c9f4","STEI_046.basePlot.vst","2019-09-26","vst_STEI_2019","D05","STEI","STEI_046",,"NEON.PLA.D05.STEI.01119",,"ok","small tree","Live",5.4,130,,5.2,,,,,,,,,,,,,,,,,,,,,"0000-0001-6293-6881","0000-0001-6914-6364",
"fcd41ee5-abaf-48e4-ae7c-61f431fba867","STEI_046.basePlot.vst","2019-09-26","vst_STEI_2019","D05","STEI","STEI_046",,"NEON.PLA.D05.STEI.01262",,"ok","small tree","Live",4.8,130,,3.6,,,,,,,,,,,,,,,,,,,,,"0000-0001-6293-6881","0000-0001-6914-6364",
"3aa859a2-51a0-4a3e-a198-f40947f7ca66","STEI_046.basePlot.vst","2019-09-26","vst_STEI_2019","D05","STEI","STEI_046",,"NEON.PLA.D05.STEI.01274",,"ok","single bole tree","Live",21.8,130,,13.5,,,,,,,,,,,,,,,,,,,,,"0000-0001-6293-6881","0000-0001-6914-6364",
"ac6e9366-ea6a-4cd8-894e-64c95ec01a42","STEI_046.basePlot.vst","2019-09-26","vst_STEI_2019","D05","STEI","STEI_046",,"NEON.PLA.D05.STEI.01068",,"ok","single bole tree","Live",34.0,130,,18.6,,,,,,,,,,,,,,,,,,,,,"0000-0001-6293-6881","0000-0001-6914-6364",
"2b1a16c1-6931-4135-801d-97bfb45cd73c","STEI_046.basePlot.vst","2019-09-26","vst_STEI_2019","D05","STEI","STEI_046",,"NEON.PLA.D05.STEI.01062",,"ok","small tree","Live",1.6,130,,2.1,,,,,,,,,,,,,,,,,,,,,"0000-0001-6293-6881","0000-0001-6914-6364",
"a2823500-1c26-4094-8ded-10efa57a98f3","STEI_046.basePlot.vst","2019-09-26","vst_STEI_2019","D05","STEI","STEI_046",,"NEON.PLA.D05.STEI.05218",,"ok","sapling","Live",,,,0.6,,,,,,,,1.0,10,,,,,,,,,,,,"0000-0001-6293-6881","0000-0001-6914-6364",
"2da8e741-c913-4751-823e-7efdb80eb210","STEI_046.basePlot.vst","2019-09-26","vst_STEI_2019","D05","STEI","STEI_046",,"NEON.PLA.D05.STEI.01392",,"ok","small tree","Live",2.3,130,,4.4,,,,,,,,,,,,,,,,,,,,,"0000-0001-6293-6881","0000-0001-6914-6364",
"4036361c-8b9d-48c3-937d-961e39bcb30c","STEI_046.basePlot.vst","2019-09-26","vst_STEI_2019","D05","STEI","STEI_046",,"NEON.PLA.D05.STEI.01074",,"ok","single bole tree","Live",13.2,130,,12.8,,,,,,,,,,,,,,,,,,,,,"0000-0001-6293-6881","0000-0001-6914-6364",
"33e5669c-9195-4477-b7d7-31b6f6fbabec","STEI_046.basePlot.vst","2019-09-26","vst_STEI_2019","D05","STEI","STEI_046",,"NEON.PLA.D05.STEI.01079",,"ok","single bole tree","Live",22.3,130,,12.7,,,,,,,,,,,,,,,,,,,,,"0000-0001-6293-6881","0000-0001-6914-6364",
"43565c86-f54d-4750-ac49-89b2f4533250","STEI_046.basePlot.vst","2019-09-26","vst_STEI_2019","D05","STEI","STEI_046",,"NEON.PLA.D05.STEI.01088",,"ok","single bole tree","Live",16.2,130,,12.8,,,,,,,,,,,,,,,,,,,,,"0000-0001-6293-6881","0000-0001-6914-6364",
"56c6b2ad-f531-4129-87f3-640eb197f077","STEI_046.basePlot.vst","2019-09-26","vst_STEI_2019","D05","STEI","STEI_046",,"NEON.PLA.D05.STEI.01069",,"ok","single bole tree","Live",27.2,130,,13.2,,,,,,,,,,,,,,,,,,,,,"0000-0001-6293-6881","0000-0001-6914-6364",
"0fd1e4f3-14fb-4ebc-acf8-a0dd216edbdc","STEI_046.basePlot.vst","2019-09-26","vst_STEI_2019","D05","STEI","STEI_046",,"NEON.PLA.D05.STEI.01268",,"ok","single bole tree","Live",21.0,130,,11.9,,,,,,,,,,,,,,,,,,,,,"0000-0001-6293-6881","0000-0001-6914-6364",
"e6edc00a-5dc5-4bc9-af13-2cefcc1fece1","STEI_046.basePlot.vst","2019-09-26","vst_STEI_2019","D05","STEI","STEI_046",,"NEON.PLA.D05.STEI.01186",,"ok","small tree","Live",8.1,130,,6.5,,,,,,,,,,,,,,,,,,,,,"0000-0001-6293-6881","0000-0001-6914-6364",
"c6b7b2b3-938f-46ca-9b44-4ddc2deb9fde","STEI_046.basePlot.vst","2019-09-26","vst_STEI_2019","D05","STEI","STEI_046",,"NEON.PLA.D05.STEI.00101",,"ok","sapling","Live",,,,0.9,,,,,,,,1.3,10,,,,,,,,,,,,"0000-0001-6293-6881","0000-0001-6914-6364",
"42545d47-7c62-49a5-9df4-bbf57d2af063","STEI_047.basePlot.vst","2019-09-30","vst_STEI_2019","D05","STEI","STEI_047",,"NEON.PLA.D05.STEI.01591",,"ok","small tree","Live",1.6,130,,2.8,,,,,,,,,,,,,,,,,,,,,"0000-0002-3383-324X","0000-0001-6914-6364",
"27416c2a-d008-4ec5-86c8-880f0d66ee57","STEI_047.basePlot.vst","2019-09-30","vst_STEI_2019","D05","STEI","STEI_047",,"NEON.PLA.D05.STEI.00269",,"ok","single bole tree","Live",10.7,130,,11.2,,,,,,,,,,,,,,,,,,,,,"0000-0002-3383-324X","0000-0001-6914-6364",
"add1d801-d508-4c66-a129-55f12cbf1098","STEI_047.basePlot.vst","2019-09-30","vst_STEI_2019","D05","STEI","STEI_047",,"NEON.PLA.D05.STEI.00294",,"ok","single bole tree","Live",11.3,130,,9.8,,,,,,,,,,,,,,,,,,,,,"0000-0002-3383-324X","0000-0001-6914-6364",
"eca4eb29-3527-42de-9f0e-046c9e9f48f8","STEI_047.basePlot.vst","2019-09-30","vst_STEI_2019","D05","STEI","STEI_047",,"NEON.PLA.D05.STEI.00581",,"ok","single bole tree","Live",10.8,130,,12.3,,,,,,,,,,,,,,,,,,,,"Dead extra bole","0000-0002-3383-324X","0000-0001-6914-6364",
"24663a70-18e0-42d0-930c-0c162e2d380b","STEI_047.basePlot.vst","2019-09-30","vst_STEI_2019","D05","STEI","STEI_047",,"NEON.PLA.D05.STEI.01598",,"ok","small tree","Live",1.4,130,,1.7,,,,,,,,,,,,,,,,,,,,,"0000-0002-3383-324X","0000-0001-6914-6364",
"6a809488-3531-4058-8e7c-2048fbcfe9c0","STEI_047.basePlot.vst","2019-09-30","vst_STEI_2019","D05","STEI","STEI_047",,"NEON.PLA.D05.STEI.05212",,"ok","small tree","Live",6.5,130,,7.2,,,,,,,,,,,,,,,,,,,,,"0000-0002-3383-324X","0000-0001-6914-6364",
"4417046f-1a5d-4dc9-a9d0-5109af4b6868","STEI_047.basePlot.vst","2019-09-30","vst_STEI_2019","D05","STEI","STEI_047",,"NEON.PLA.D05.STEI.01743",,"ok","small tree","Standing dead",2.0,130,,2.2,,,,,,,,,,,,,,,,,,,,,"0000-0002-3383-324X","0000-0001-6914-6364",
"126cb1ef-eb1f-41ef-a8d7-5caa88ebf4bd","STEI_047.basePlot.vst","2019-09-30","vst_STEI_2019","D05","STEI","STEI_047",,"NEON.PLA.D05.STEI.05660C",,"ok","small tree","Live",2.7,130,,8.0,,,,,,,,,,,,,,,,,,,,,"0000-0002-3383-324X","0000-0001-6914-6364",
"a53ff420-8aaa-4b7d-a72e-f48e29560b39","STEI_047.basePlot.vst","2019-09-30","vst_STEI_2019","D05","STEI","STEI_047",,"NEON.PLA.D05.STEI.01728",,"ok","small tree","Live",3.5,130,,4.3,,,,,,,,,,,,,,,,,,,,,"0000-0002-3383-324X","0000-0001-6914-6364",
"27a29f82-2888-47af-869f-55b8f797148b","STEI_047.basePlot.vst","2019-09-30","vst_STEI_2019","D05","STEI","STEI_047",,"NEON.PLA.D05.STEI.05684",,"ok","single bole tree","Live",12.4,130,,11.5,,,,,,,,,,,,,,,,,,,,,"0000-0002-3383-324X","0000-0001-6914-6364",
"15094c06-8594-4284-b122-bcec33b3ae6c","STEI_047.basePlot.vst","2019-09-30","vst_STEI_2019","D05","STEI","STEI_047",,"NEON.PLA.D05.STEI.05667",,"ok","small tree","Live",1.1,130,,1.4,,,,,,,,,,,,,,,,,,,,,"0000-0002-3383-324X","0000-0001-6914-6364",
"6b797960-459a-4c68-a411-0161dfb861c2","STEI_047.basePlot.vst","2019-09-30","vst_STEI_2019","D05","STEI","STEI_047",,"NEON.PLA.D05.STEI.01587",,"ok","single bole tree","Live",33.2,130,,13.2,,,,,,,,,,,,,,,,,,,,,"0000-0002-3383-324X","0000-0001-6914-6364",
"aae593d1-562d-4267-8c03-d7eb372b3f5f","STEI_047.basePlot.vst","2019-09-30","vst_STEI_2019","D05","STEI","STEI_047",,"NEON.PLA.D05.STEI.05203",,"ok","sapling","Live",,,,0.8,,,,,,,,1.3,10,,,,,,,,,,,,"0000-0002-3383-324X","0000-0001-6914-6364",
"794949e0-90d6-4db9-9828-04c7c42a466f","STEI_047.basePlot.vst","2019-09-30","vst_STEI_2019","D05","STEI","STEI_047",,"NEON.PLA.D05.STEI.01546",,"ok","small tree","Live",2.0,130,,2.4,,,,,,,,,,,,,,,,,,,,,"0000-0002-3383-324X","0000-0001-6914-6364",
"369c83d6-ae51-4877-b54e-26770d9d37d3","STEI_047.basePlot.vst","2019-09-30","vst_STEI_2019","D05","STEI","STEI_047",,"NEON.PLA.D05.STEI.01742",,"ok","small tree","Standing dead",1.6,130,,2.3,,,,,,,,,,,,,,,,,,,,,"0000-0002-3383-324X","0000-0001-6914-6364",
"62a46c69-9410-4910-b50c-a455068c5616","STEI_047.basePlot.vst","2019-09-30","vst_STEI_2019","D05","STEI","STEI_047",,"NEON.PLA.D05.STEI.01772",,"ok","small tree","Standing dead",2.1,130,,3.3,,,,,,,,,,,,,,,,,,,,,"0000-0002-3383-324X","0000-0001-6914-6364",
"bd65a515-5428-4d51-a0b9-510f26d1a48e","STEI_047.basePlot.vst","2019-09-30","vst_STEI_2019","D05","STEI","STEI_047",,"NEON.PLA.D05.STEI.00563",,"ok","sapling","Live",,,,0.6,,,,,,,,1.0,10,,,,,,,,,,,,"0000-0002-3383-324X","0000-0001-6914-6364",
"669a8e0b-ce1d-4a18-b130-f34f002e2b19","STEI_047.basePlot.vst","2019-09-30","vst_STEI_2019","D05","STEI","STEI_047",,"NEON.PLA.D05.STEI.01785",,"ok","small tree","Standing dead",3.6,130,,4.1,,,,,,,,,,,,,,,,,,,,,"0000-0002-3383-324X","0000-0001-6914-6364",
"462513fb-dce3-4f35-b386-e2e7f3cfd93c","STEI_047.basePlot.vst","2019-09-30","vst_STEI_2019","D05","STEI","STEI_047",,"NEON.PLA.D05.STEI.02259",,"ok","single bole tree","Live",10.3,130,,7.7,,,,,,,,,,,,,,,,,,,,,"0000-0002-3383-324X","0000-0001-6914-6364",
"6eae675e-824c-410f-a357-d594c00f9cdb","STEI_047.basePlot.vst","2019-09-30","vst_STEI_2019","D05","STEI","STEI_047",,"NEON.PLA.D05.STEI.01727",,"ok","small tree","Live",1.1,130,,1.8,,,,,,,,,,,,,,,,,,,,,"0000-0002-3383-324X","0000-0001-6914-6364",
"2865e0bb-225e-4b0b-8099-82b87b8da10e","STEI_047.basePlot.vst","2019-09-30","vst_STEI_2019","D05","STEI","STEI_047",,"NEON.PLA.D05.STEI.01545",,"ok","small tree","Live",2.3,130,,4.2,,,,,,,,,,,,,,,,,,,,,"0000-0002-3383-324X","0000-0001-6914-6364",
"5a2ca9de-4492-4a75-97fc-77f289b907bc","STEI_047.basePlot.vst","2019-09-30","vst_STEI_2019","D05","STEI","STEI_047",,"NEON.PLA.D05.STEI.00570",,"ok","single bole tree","Live",10.1,130,,11.4,,,,,,,,,,,,,,,,,,,,,"0000-0002-3383-324X","0000-0001-6914-6364",
"338e93bb-c30a-4332-ac8a-d9dcd11dc49e","STEI_047.basePlot.vst","2019-09-30","vst_STEI_2019","D05","STEI","STEI_047",,"NEON.PLA.D05.STEI.05656",,"ok","single bole tree","Live",11.3,130,,11.7,,,,,,,,,,,,,,,,,,,,,"0000-0002-3383-324X","0000-0001-6914-6364",
"a0b2e806-5f28-49a0-bf5f-cb4a0e4b0cb3","STEI_047.basePlot.vst","2019-09-30","vst_STEI_2019","D05","STEI","STEI_047",,"NEON.PLA.D05.STEI.01720",,"ok","small tree","Live",3.5,130,,7.4,,,,,,,,,,,,,,,,,,,,,"0000-0002-3383-324X","0000-0001-6914-6364",
"63274d66-fda1-4dee-90b3-ec493efc0f83","STEI_047.basePlot.vst","2019-09-30","vst_STEI_2019","D05","STEI","STEI_047",,"NEON.PLA.D05.STEI.00524",,"ok","single bole tree","Live",10.0,130,,12.4,,,,,,,,,,,,,,,,,,,,,"0000-0002-3383-324X","0000-0001-6914-6364",
"8e3b9a68-36ff-4c81-83a9-b2e902ce3730","STEI_047.basePlot.vst","2019-09-30","vst_STEI_2019","D05","STEI","STEI_047",,"NEON.PLA.D05.STEI.01702",,"ok","small tree","Live",5.2,130,,8.0,,,,,,,,,,,,,,,,,,,,,"0000-0002-3383-324X","0000-0001-6914-6364",
"69aa1fe8-d895-4d35-b466-a2cb2e5336b8","STEI_047.basePlot.vst","2019-09-30","vst_STEI_2019","D05","STEI","STEI_047",,"NEON.PLA.D05.STEI.01583",,"ok","small tree","Live",2.1,130,,1.8,,,,,,,,,,,,,,,,,,,,,"0000-0002-3383-324X","0000-0001-6914-6364",
"254c6b60-2106-4741-81b9-f72914380ec6","STEI_047.basePlot.vst","2019-09-30","vst_STEI_2019","D05","STEI","STEI_047",,"NEON.PLA.D05.STEI.05661",,"ok","small tree","Live",4.1,130,,7.2,,,,,,,,,,,,,,,,,,,,,"0000-0002-3383-324X","0000-0001-6914-6364",
"95904ec9-118b-4ef7-a97b-27021234096e","STEI_047.basePlot.vst","2019-09-30","vst_STEI_2019","D05","STEI","STEI_047",,"NEON.PLA.D05.STEI.05660",,"ok","small tree","Live",5.9,130,,8.0,,,,,,,,,,,,,,,,,,,,,"0000-0002-3383-324X","0000-0001-6914-6364",
"d04d6e67-1b32-4c11-b691-7b2ef17998f3","STEI_047.basePlot.vst","2019-09-30","vst_STEI_2019","D05","STEI","STEI_047",,"NEON.PLA.D05.STEI.01703",,"ok","small tree","Live",6.8,130,,7.9,,,,,,,,,,,,,,,,,,,,,"0000-0002-3383-324X","0000-0001-6914-6364",
"32eb3a97-262a-46a0-a6e4-ca09f293a6d4","STEI_047.basePlot.vst","2019-09-30","vst_STEI_2019","D05","STEI","STEI_047",,"NEON.PLA.D05.STEI.05666",,"ok","small tree","Live",4.4,130,,7.0,,,,,,,,,,,,,,,,,,,,,"0000-0002-3383-324X","0000-0001-6914-6364",
"b4650bbf-cfd5-4586-9626-f964915b1bde","STEI_047.basePlot.vst","2019-09-30","vst_STEI_2019","D05","STEI","STEI_047",,"NEON.PLA.D05.STEI.00283",,"ok","single bole tree","Live",10.2,130,,10.8,,,,,,,,,,,,,,,,,,,,,"0000-0002-3383-324X","0000-0001-6914-6364",
"87f2c19f-67d5-4292-ba15-90f520faf735","STEI_047.basePlot.vst","2019-09-30","vst_STEI_2019","D05","STEI","STEI_047",,"NEON.PLA.D05.STEI.01738",,"ok","small tree","Live",1.1,130,,1.9,,,,,,,,,,,,,,,,,,,,,"0000-0002-3383-324X","0000-0001-6914-6364",
"9e0464f0-684f-4054-ad24-d63ab5ca1b95","STEI_047.basePlot.vst","2019-09-30","vst_STEI_2019","D05","STEI","STEI_047",,"NEON.PLA.D05.STEI.01688",,"ok","small tree","Live",5.6,130,,7.9,,,,,,,,,,,,,,,,,,,,,"0000-0002-3383-324X","0000-0001-6914-6364",
"5b3f7419-4ebb-411b-baeb-bcdbfa8f09b4","STEI_047.basePlot.vst","2019-09-30","vst_STEI_2019","D05","STEI","STEI_047",,"NEON.PLA.D05.STEI.00645",,"ok","single bole tree","Live",11.3,130,,12.5,,,,,,,,,,,,,,,,,,,,,"0000-0002-3383-324X","0000-0001-6914-6364",
"336dfd7e-1097-4f07-993f-b4593043f9ce","STEI_047.basePlot.vst","2019-09-30","vst_STEI_2019","D05","STEI","STEI_047",,"NEON.PLA.D05.STEI.00631",,"ok","single bole tree","Live",11.0,130,,12.3,,,,,,,,,,,,,,,,,,,,,"0000-0002-3383-324X","0000-0001-6914-6364",
"7e0b1cc9-d1a2-4c05-b597-bbec1bc48bd9","STEI_047.basePlot.vst","2019-09-30","vst_STEI_2019","D05","STEI","STEI_047",,"NEON.PLA.D05.STEI.01589",,"ok","small tree","Live",2.2,130,,3.8,,,,,,,,,,,,,,,,,,,,,"0000-0002-3383-324X","0000-0001-6914-6364",
"ceb3375e-6774-4312-ac7a-309db38c90cf","STEI_047.basePlot.vst","2019-09-30","vst_STEI_2019","D05","STEI","STEI_047",,"NEON.PLA.D05.STEI.01590",,"ok","small tree","Live",2.1,130,,2.9,,,,,,,,,,,,,,,,,,,,,"0000-0002-3383-324X","0000-0001-6914-6364",
"4203d420-ee71-47e1-93b0-a18dc1c863b9","STEI_047.basePlot.vst","2019-09-30","vst_STEI_2019","D05","STEI","STEI_047",,"NEON.PLA.D05.STEI.01553",,"ok","small tree","Live",1.4,130,,2.0,,,,,,,,,,,,,,,,,,,,,"0000-0002-3383-324X","0000-0001-6914-6364",
"67f390ab-cacf-42c0-bb7d-4d837d35e728","STEI_047.basePlot.vst","2019-09-30","vst_STEI_2019","D05","STEI","STEI_047",,"NEON.PLA.D05.STEI.05659",,"ok","small tree","Standing dead",2.1,130,,3.6,,,,,,,,,,,,,,,,,,,,,"0000-0002-3383-324X","0000-0001-6914-6364",
"ebbb927e-7902-4a62-95c5-ee56992419d7","STEI_047.basePlot.vst","2019-09-30","vst_STEI_2019","D05","STEI","STEI_047",,"NEON.PLA.D05.STEI.05204",,"ok","small tree","Live",8.3,130,,10.3,,,,,,,,,,,,,,,,,,,,,"0000-0002-3383-324X","0000-0001-6914-6364",
"7839172c-a0d8-4a8b-b171-f1c10676b68f","STEI_047.basePlot.vst","2019-09-30","vst_STEI_2019","D05","STEI","STEI_047",,"NEON.PLA.D05.STEI.00743",,"ok","single bole tree","Live",10.3,130,,11.8,,,,,,,,,,,,,,,,,,,,,"0000-0002-3383-324X","0000-0001-6914-6364",
"bb4adafb-b0ff-404a-942e-663b1fef01e1","STEI_047.basePlot.vst","2019-09-30","vst_STEI_2019","D05","STEI","STEI_047",,"NEON.PLA.D05.STEI.05685",,"ok","single bole tree","Live",12.7,130,,13.4,,,,,,,,,,,,,,,,,,,,,"0000-0002-3383-324X","0000-0001-6914-6364",
"0fd74f16-25d4-4d9a-8fff-f530d5908d1f","STEI_047.basePlot.vst","2019-09-30","vst_STEI_2019","D05","STEI","STEI_047",,"NEON.PLA.D05.STEI.00785",,"ok","sapling","Live",,,,1.1,,,,,,,,1.2,10,,,,,,,,,,,,"0000-0002-3383-324X","0000-0001-6914-6364",
"f259d056-ce20-4aa6-997f-dd7949434d05","STEI_047.basePlot.vst","2019-09-30","vst_STEI_2019","D05","STEI","STEI_047",,"NEON.PLA.D05.STEI.00749",,"ok","single bole tree","Live",13.2,130,,14.2,,,,,,,,,,,,,,,,,,,,,"0000-0002-3383-324X","0000-0001-6914-6364",
"a2cf9529-0d8c-44d1-aba8-36a2fa7fd33c","STEI_047.basePlot.vst","2019-09-30","vst_STEI_2019","D05","STEI","STEI_047",,"NEON.PLA.D05.STEI.01722",,"ok","small tree","Live",8.6,130,,7.1,,,,,,,,,,,,,,,,,,,,,"0000-0002-3383-324X","0000-0001-6914-6364",
"2a313925-ffdb-4a7b-a8af-afcec3d5a7d9","STEI_047.basePlot.vst","2019-09-30","vst_STEI_2019","D05","STEI","STEI_047",,"NEON.PLA.D05.STEI.01725",,"ok","small tree","Live",2.9,130,,4.3,,,,,,,,,,,,,,,,,,,,,"0000-0002-3383-324X","0000-0001-6914-6364",
"78e5da45-9155-4013-98b4-468f008ead5b","STEI_047.basePlot.vst","2019-09-30","vst_STEI_2019","D05","STEI","STEI_047",,"NEON.PLA.D05.STEI.01621",,"ok","sapling","Live",,,,1.4,,,,,,,,2.1,10,,,,,,,,,,,,"0000-0002-3383-324X","0000-0001-6914-6364",
"7293e0b4-e540-49c9-b6ee-98506e3f1881","STEI_047.basePlot.vst","2019-09-30","vst_STEI_2019","D05","STEI","STEI_047",,"NEON.PLA.D05.STEI.05657",,"ok","single bole tree","Live",11.0,130,,12.9,,,,,,,,,,,,,,,,,,,,,"0000-0002-3383-324X","0000-0001-6914-6364",
"a7a1cefb-3261-48e9-ba93-3b4c12bf17f1","STEI_047.basePlot.vst","2019-09-30","vst_STEI_2019","D05","STEI","STEI_047",,"NEON.PLA.D05.STEI.05213",,"ok","small tree","Live",3.8,130,,5.4,,,,,,,,,,,,,,,,,,,,,"0000-0002-3383-324X","0000-0001-6914-6364",
"34ddc555-975b-48a1-919b-56230712bb27","STEI_047.basePlot.vst","2019-09-30","vst_STEI_2019","D05","STEI","STEI_047",,"NEON.PLA.D05.STEI.05655",,"ok","single bole tree","Live",11.0,130,,10.8,,,,,,,,,,,,,,,,,,,,,"0000-0002-3383-324X","0000-0001-6914-6364",
"323c1cf5-20e6-4157-bbae-0846cec69ec5","STEI_047.basePlot.vst","2019-09-30","vst_STEI_2019","D05","STEI","STEI_047",,"NEON.PLA.D05.STEI.01592",,"ok","small tree","Live",4.4,130,,4.9,,,,,,,,,,,,,,,,,,,,,"0000-0002-3383-324X","0000-0001-6914-6364",
"16c509ff-f924-4d9d-a81f-a12a2ec93648","STEI_047.basePlot.vst","2019-09-30","vst_STEI_2019","D05","STEI","STEI_047",,"NEON.PLA.D05.STEI.00744",,"ok","single bole tree","Live, broken bole",10.5,130,,8.1,,8.1,,,,,,,,,,,,,,,,,,"Broken top still in tree so no reasonable breakDiameter measurement could be made","0000-0002-3383-324X","0000-0001-6914-6364",
"bb66a38b-a06e-4221-8b8c-b7a2b6affde4","STEI_047.basePlot.vst","2019-09-30","vst_STEI_2019","D05","STEI","STEI_047",,"NEON.PLA.D05.STEI.01576",,"ok","small tree","Live",7.2,130,,9.2,,,,,,,,,,,,,,,,,,,,,"0000-0002-3383-324X","0000-0001-6914-6364",
"401707c7-977c-43a9-8b7b-0b6cda690bda","STEI_047.basePlot.vst","2019-09-30","vst_STEI_2019","D05","STEI","STEI_047",,"NEON.PLA.D05.STEI.01745",,"ok","small tree","Standing dead",2.9,130,,6.2,,,,,,,,,,,,,,,,,,,,,"0000-0002-3383-324X","0000-0001-6914-6364",
"b08560f9-32f3-4f79-9fbe-44595553963f","STEI_047.basePlot.vst","2019-09-30","vst_STEI_2019","D05","STEI","STEI_047",,"NEON.PLA.D05.STEI.01608",,"ok","small tree","Live",6.0,130,,7.4,,,,,,,,,,,,,,,,,,,,,"0000-0002-3383-324X","0000-0001-6914-6364",
"dd532526-ce92-41c8-b4a2-cafa4b68f88a","STEI_047.basePlot.vst","2019-09-30","vst_STEI_2019","D05","STEI","STEI_047",,"NEON.PLA.D05.STEI.01726",,"ok","sapling","Live",,,,0.7,,,,,,,,2.1,10,,,,,,,,,,,,"0000-0002-3383-324X","0000-0001-6914-6364",
"e262affa-69a1-45b2-88dc-560d103c4526","STEI_047.basePlot.vst","2019-09-30","vst_STEI_2019","D05","STEI","STEI_047",,"NEON.PLA.D05.STEI.05201",,"ok","small tree","Live",1.5,1,,0.7,,,,,,,,,,,,,,,,,,,,,"0000-0002-3383-324X","0000-0001-6914-6364",
"1872e2fe-a830-4c28-8344-cb0edc0abcb9","STEI_047.basePlot.vst","2019-09-30","vst_STEI_2019","D05","STEI","STEI_047",,"NEON.PLA.D05.STEI.05665",,"ok","small tree","Live",6.1,130,,9.1,,,,,,,,,,,,,,,,,,,,,"0000-0002-3383-324X","0000-0001-6914-6364",
"351b5281-db23-4fe9-a6c8-d6e1e058b8a6","STEI_047.basePlot.vst","2019-09-30","vst_STEI_2019","D05","STEI","STEI_047",,"NEON.PLA.D05.STEI.00300",,"ok","single bole tree","Live",10.3,130,,11.3,,,,,,,,,,,,,,,,,,,,,"0000-0002-3383-324X","0000-0001-6914-6364",
"5b2ee209-360e-42de-83f7-64abcffa1be6","STEI_047.basePlot.vst","2019-09-30","vst_STEI_2019","D05","STEI","STEI_047",,"NEON.PLA.D05.STEI.00560",,"ok","single bole tree","Live",11.6,130,,13.3,,,,,,,,,,,,,,,,,,,,,"0000-0002-3383-324X","0000-0001-6914-6364",
"2dbd52dd-fec3-408f-ab5c-4ec29d568e2b","STEI_047.basePlot.vst","2019-09-30","vst_STEI_2019","D05","STEI","STEI_047",,"NEON.PLA.D05.STEI.02261",,"ok","single bole tree","Live",10.6,130,,13.4,,,,,,,,,,,,,,,,,,,,,"0000-0002-3383-324X","0000-0001-6914-6364",
"673fde31-7f02-40aa-8d00-c8d825ee67a0","STEI_047.basePlot.vst","2019-09-30","vst_STEI_2019","D05","STEI","STEI_047",,"NEON.PLA.D05.STEI.01626",,"ok","small tree","Live",4.3,130,,7.5,,,,,,,,,,,,,,,,,,,,,"0000-0002-3383-324X","0000-0001-6914-6364",
"f0a7900e-e3be-4a9a-81bf-faad509813c4","STEI_047.basePlot.vst","2019-09-30","vst_STEI_2019","D05","STEI","STEI_047",,"NEON.PLA.D05.STEI.05663",,"ok","small tree","Standing dead",2.6,130,,6.9,,,,,,,,,,,,,,,,,,,,,"0000-0002-3383-324X","0000-0001-6914-6364",
"70494bc4-10a6-43bd-919f-d6dce1ea6d29","STEI_047.basePlot.vst","2019-09-30","vst_STEI_2019","D05","STEI","STEI_047",,"NEON.PLA.D05.STEI.01584",,"ok","small tree","Live",2.2,130,,1.8,,,,,,,,,,,,,,,,,,,,,"0000-0002-3383-324X","0000-0001-6914-6364",
"867780d3-5eec-4071-8d3b-5f0982361fc3","STEI_047.basePlot.vst","2019-09-30","vst_STEI_2019","D05","STEI","STEI_047",,"NEON.PLA.D05.STEI.01771",,"ok","small tree","Live",8.3,130,,10.3,,,,,,,,,,,,,,,,,,,,,"0000-0002-3383-324X","0000-0001-6914-6364",
"c78de862-1f04-402e-ae23-9c663dbb8d6c","STEI_047.basePlot.vst","2019-09-30","vst_STEI_2019","D05","STEI","STEI_047",,"NEON.PLA.D05.STEI.05528",,"ok","sapling","Live",,,,1.5,,,,,,,,2.3,10,,,,,,,,,,,,"0000-0002-3383-324X","0000-0001-6914-6364",
"3131e43a-fc78-4a42-a012-cb63d512ed74","STEI_047.basePlot.vst","2019-09-30","vst_STEI_2019","D05","STEI","STEI_047",,"NEON.PLA.D05.STEI.01555",,"ok","small tree","Standing dead",1.0,130,,2.5,,,,,,,,,,,,,,,,,,,,,"0000-0002-3383-324X","0000-0001-6914-6364",
"2261c10e-b8d5-4113-8398-1579ee31eaa0","STEI_047.basePlot.vst","2019-09-30","vst_STEI_2019","D05","STEI","STEI_047",,"NEON.PLA.D05.STEI.05530",,"ok","small tree","Live",1.1,10,,0.8,,,,,,,,,,,,,,,,,,,,,"0000-0002-3383-324X","0000-0001-6914-6364",
"5b72ffe7-9c8a-41f0-b97c-6175dcdbc57c","STEI_047.basePlot.vst","2019-09-30","vst_STEI_2019","D05","STEI","STEI_047",,"NEON.PLA.D05.STEI.02266",,"ok","small shrub","Live",,,,0.8,,,,,,,"inverted cone",1.1,10,0.30,0.20,,,,,,,,,,"0000-0002-3383-324X","0000-0001-6914-6364",
"c16c58d7-d1c1-48d6-9478-63ad56894eda","STEI_047.basePlot.vst","2019-09-30","vst_STEI_2019","D05","STEI","STEI_047",,"NEON.PLA.D05.STEI.01674",,"ok","small tree","Live",6.1,130,,9.1,,,,,,,,,,,,,,,,,,,,,"0000-0002-3383-324X","0000-0001-6914-6364",
"b8d81245-9adb-4d9b-9118-21b5b81c7e5c","STEI_047.basePlot.vst","2019-09-30","vst_STEI_2019","D05","STEI","STEI_047",,"NEON.PLA.D05.STEI.00584",,"ok","single bole tree","Live",11.7,130,,11.6,,,,,,,,,,,,,,,,,,,,,"0000-0002-3383-324X","0000-0001-6914-6364",
"fa8083f3-ab61-4b2f-9298-28f14baa66bc","STEI_047.basePlot.vst","2019-09-30","vst_STEI_2019","D05","STEI","STEI_047",,"NEON.PLA.D05.STEI.00794",,"ok","sapling","Live",,,,0.7,,,,,,,,1.2,10,,,,,,,,,,,,"0000-0002-3383-324X","0000-0001-6914-6364",
"f5cbc3cd-d5d0-493e-a74d-7028e3ce07eb","STEI_047.basePlot.vst","2019-09-30","vst_STEI_2019","D05","STEI","STEI_047",,"NEON.PLA.D05.STEI.00636",,"ok","single bole tree","Live",12.0,130,,11.0,,,,,,,,,,,,,,,,,,,,,"0000-0002-3383-324X","0000-0001-6914-6364",
"e4e1480c-e204-41da-bc0a-44ca451b8e43","STEI_047.basePlot.vst","2019-09-30","vst_STEI_2019","D05","STEI","STEI_047",,"NEON.PLA.D05.STEI.05658",,"ok","small tree","Live",2.2,130,,2.1,,,,,,,,,,,,,,,,,,,,,"0000-0002-3383-324X","0000-0001-6914-6364",
"94b94a50-74c2-4ef2-9546-8d5e707c025f","STEI_047.basePlot.vst","2019-09-30","vst_STEI_2019","D05","STEI","STEI_047",,"NEON.PLA.D05.STEI.01554",,"ok","small tree","Live",7.4,130,,8.2,,,,,,,,,,,,,,,,,,,,,"0000-0002-3383-324X","0000-0001-6914-6364",
"236abbd9-ea9e-4a84-aad7-03c02e95009c","STEI_047.basePlot.vst","2019-09-30","vst_STEI_2019","D05","STEI","STEI_047",,"NEON.PLA.D05.STEI.01777",,"ok","small tree","Downed",2.2,130,,4.3,,,,,,,,,,,,,,,,,,,,,"0000-0002-3383-324X","0000-0001-6914-6364",
"385ad661-37b2-4944-9079-b1d84ecdaa29","STEI_047.basePlot.vst","2019-09-30","vst_STEI_2019","D05","STEI","STEI_047",,"NEON.PLA.D05.STEI.05529",,"ok","sapling","Live",,,,1.5,,,,,,,,2.8,10,,,,,,,,,,,,"0000-0002-3383-324X","0000-0001-6914-6364",
"d594ce95-375f-481a-82fe-60f15c08f6af","STEI_047.basePlot.vst","2019-09-30","vst_STEI_2019","D05","STEI","STEI_047",,"NEON.PLA.D05.STEI.01600",,"ok","small tree","Live",4.9,130,,4.7,,,,,,,,,,,,,,,,,,,,,"0000-0002-3383-324X","0000-0001-6914-6364",
"dca49283-895a-4eab-a078-494d2484d67b","STEI_047.basePlot.vst","2019-09-30","vst_STEI_2019","D05","STEI","STEI_047",,"NEON.PLA.D05.STEI.01517",,"ok","small tree","Live",9.1,130,,9.5,,,,,,,,,,,,,,,,,,,,,"0000-0002-3383-324X","0000-0001-6914-6364",
"05b24d5d-f458-484d-a419-b86a7a1abba3","STEI_047.basePlot.vst","2019-09-30","vst_STEI_2019","D05","STEI","STEI_047",,"NEON.PLA.D05.STEI.01773",,"ok","small tree","Live",3.3,130,,4.5,,,,,,,,,,,,,,,,,,,,"Fully senesced","0000-0002-3383-324X","0000-0001-6914-6364",
"06f06823-8b78-4b2f-b9b1-7c9efeaa1de4","STEI_047.basePlot.vst","2019-09-30","vst_STEI_2019","D05","STEI","STEI_047",,"NEON.PLA.D05.STEI.01721",,"ok","small tree","Live",2.8,130,,6.1,,,,,,,,,,,,,,,,,,,,,"0000-0002-3383-324X","0000-0001-6914-6364",
"e8cea8ed-4dde-4dfb-9bf8-ae2572b1678a","STEI_047.basePlot.vst","2019-09-30","vst_STEI_2019","D05","STEI","STEI_047",,"NEON.PLA.D05.STEI.01582",,"ok","single bole tree","Live",13.4,130,,12.3,,,,,,,,,,,,,,,,,,,,,"0000-0002-3383-324X","0000-0001-6914-6364",
"8ce2d9ee-638a-4e47-8497-71a5ed476418","STEI_047.basePlot.vst","2019-09-30","vst_STEI_2019","D05","STEI","STEI_047",,"NEON.PLA.D05.STEI.00585",,"ok","single bole tree","Live",11.7,130,,11.9,,,,,,,,,,,,,,,,,,,,,"0000-0002-3383-324X","0000-0001-6914-6364",
"bcdcb7de-8727-4b61-9ca9-ec6cc7d36d33","STEI_047.basePlot.vst","2019-09-30","vst_STEI_2019","D05","STEI","STEI_047",,"NEON.PLA.D05.STEI.00572",,"ok","single bole tree","Live",10.8,130,,11.6,,,,,,,,,,,,,,,,,,,,,"0000-0002-3383-324X","0000-0001-6914-6364",
"e4c6d0a6-6122-4688-9ce7-1fdbbfedaf49","STEI_047.basePlot.vst","2019-09-30","vst_STEI_2019","D05","STEI","STEI_047",,"NEON.PLA.D05.STEI.01778A",,"ok","small tree","Live",3.8,130,,8.4,,,,,,,,,,,,,,,,,,,,,"0000-0002-3383-324X","0000-0001-6914-6364",
"b1bbf554-5c3d-4702-97f4-370c6a1393b7","STEI_047.basePlot.vst","2019-09-30","vst_STEI_2019","D05","STEI","STEI_047",,"NEON.PLA.D05.STEI.01778",,"ok","small tree","Live",5.8,130,,8.4,,,,,,,,,,,,,,,,,,,,,"0000-0002-3383-324X","0000-0001-6914-6364",
"779113a8-c44d-4104-a5dc-53d3deeeb30f","STEI_047.basePlot.vst","2019-09-30","vst_STEI_2019","D05","STEI","STEI_047",,"NEON.PLA.D05.STEI.02262",,"ok","single bole tree","Live",10.8,130,,12.0,,,,,,,,,,,,,,,,,,,,,"0000-0002-3383-324X","0000-0001-6914-6364",
"0380e20f-d299-45b7-931d-b9609d978bd2","STEI_047.basePlot.vst","2019-09-30","vst_STEI_2019","D05","STEI","STEI_047",,"NEON.PLA.D05.STEI.01662",,"ok","small tree","Standing dead",2.4,130,,5.2,,,,,,,,,,,,,,,,,,,,,"0000-0002-3383-324X","0000-0001-6914-6364",
"639ea8cf-ff70-46f8-a0a7-cb9765795829","STEI_047.basePlot.vst","2019-09-30","vst_STEI_2019","D05","STEI","STEI_047",,"NEON.PLA.D05.STEI.01585",,"ok","small tree","Live",9.1,130,,10.1,,,,,,,,,,,,,,,,,,,,,"0000-0002-3383-324X","0000-0001-6914-6364",
"9ece8ce0-5346-4680-b56d-244eb3e472cb","STEI_047.basePlot.vst","2019-09-30","vst_STEI_2019","D05","STEI","STEI_047",,"NEON.PLA.D05.STEI.01557",,"ok","small shrub","Live",,,,4.2,,,,1.8,1.3,,"inverted cone",2.6,10,0.70,0.20,,,,,,,,,,"0000-0002-3383-324X","0000-0001-6914-6364",
"3c7acefb-7018-4a8f-a442-2d3f37b759b6","STEI_047.basePlot.vst","2019-09-30","vst_STEI_2019","D05","STEI","STEI_047",,"NEON.PLA.D05.STEI.01780",,"ok","small tree","Live",6.4,130,,8.1,,,,,,,,,,,,,,,,,,,,,"0000-0002-3383-324X","0000-0001-6914-6364",
"c395732d-22ae-4d77-9e9f-813f7ce00e19","STEI_047.basePlot.vst","2019-09-30","vst_STEI_2019","D05","STEI","STEI_047",,"NEON.PLA.D05.STEI.00525",,"ok","single bole tree","Live",12.2,130,,11.9,,,,,,,,,,,,,,,,,,,,,"0000-0002-3383-324X","0000-0001-6914-6364",
"5f625c35-1ef9-4271-9b80-b4f97d772c6c","STEI_047.basePlot.vst","2019-09-30","vst_STEI_2019","D05","STEI","STEI_047",,"NEON.PLA.D05.STEI.01586",,"ok","small tree","Live",5.7,130,,7.4,,,,,,,,,,,,,,,,,,,,,"0000-0002-3383-324X","0000-0001-6914-6364",
"8f8c5732-3381-49a2-93dd-8984a63be669","STEI_047.basePlot.vst","2019-09-30","vst_STEI_2019","D05","STEI","STEI_047",,"NEON.PLA.D05.STEI.01739",,"ok","small tree","Live",1.1,130,,2.0,,,,,,,,,,,,,,,,,,,,,"0000-0002-3383-324X","0000-0001-6914-6364",
"82f607e8-ca9a-4b37-819d-6a39a8ce0aed","STEI_047.basePlot.vst","2019-09-30","vst_STEI_2019","D05","STEI","STEI_047",,"NEON.PLA.D05.STEI.01781",,"ok","small tree","Standing dead",3.8,130,,5.2,,,,,,,,,,,,,,,,,,,,,"0000-0002-3383-324X","0000-0001-6914-6364",
"d694704c-bf26-40bd-a30a-994fccb4dad1","STEI_047.basePlot.vst","2019-09-30","vst_STEI_2019","D05","STEI","STEI_047",,"NEON.PLA.D05.STEI.05686",,"ok","sapling","Live",,,,0.8,,,,,,,,1.5,10,,,,,,,,,,,,"0000-0002-3383-324X","0000-0001-6914-6364",
"4161eccb-bd11-420e-ad62-d9ecfdbed50c","STEI_047.basePlot.vst","2019-09-30","vst_STEI_2019","D05","STEI","STEI_047",,"NEON.PLA.D05.STEI.05660A",,"ok","small tree","Live",3.4,130,,8.0,,,,,,,,,,,,,,,,,,,,,"0000-0002-3383-324X","0000-0001-6914-6364",
"2cef9d39-2542-4441-bf55-04726d43be8a","STEI_047.basePlot.vst","2019-09-30","vst_STEI_2019","D05","STEI","STEI_047",,"NEON.PLA.D05.STEI.05687",,"ok","sapling","Live",,,,0.7,,,,,,,,1.1,10,,,,,,,,,,,,"0000-0002-3383-324X","0000-0001-6914-6364",
"f4a28f15-d5f0-40af-bcb2-7c4533d04ecc","STEI_047.basePlot.vst","2019-09-30","vst_STEI_2019","D05","STEI","STEI_047",,"NEON.PLA.D05.STEI.05660B",,"ok","small tree","Live",2.5,130,,8.0,,,,,,,,,,,,,,,,,,,,,"0000-0002-3383-324X","0000-0001-6914-6364",
"7d88caed-667b-4a14-871a-39e6bfd11bba","STEI_047.basePlot.vst","2019-09-30","vst_STEI_2019","D05","STEI","STEI_047",,"NEON.PLA.D05.STEI.05202",,"ok","sapling","Live",,,,0.9,,,,,,,,0.9,10,,,,,,,,,,,,"0000-0002-3383-324X","0000-0001-6914-6364",
"9c7178ad-6133-4379-a76b-f71ebef0ce0b","STEI_047.basePlot.vst","2019-09-30","vst_STEI_2019","D05","STEI","STEI_047",,"NEON.PLA.D05.STEI.00577",,"ok","single bole tree","Live",10.2,130,,11.2,,,,,,,,,,,,,,,,,,,,,"0000-0002-3383-324X","0000-0001-6914-6364",
"803cb0fc-1981-424a-8f5a-150838b7c84c","STEI_047.basePlot.vst","2019-09-30","vst_STEI_2019","D05","STEI","STEI_047",,"NEON.PLA.D05.STEI.01776",,"ok","small tree","Live",5.6,130,,6.3,,,,,,,,,,,,,,,,,,,,,"0000-0002-3383-324X","0000-0001-6914-6364",
"f10e57c3-c519-4823-a9d3-b917a8587d51","STEI_047.basePlot.vst","2019-09-30","vst_STEI_2019","D05","STEI","STEI_047",,"NEON.PLA.D05.STEI.05211",,"ok","sapling","Live",,,,0.5,,,,,,,,1.1,10,,,,,,,,,,,,"0000-0002-3383-324X","0000-0001-6914-6364",
"f319a009-43b9-44f3-9ff6-a6e0d02bc0e2","STEI_047.basePlot.vst","2019-09-30","vst_STEI_2019","D05","STEI","STEI_047",,"NEON.PLA.D05.STEI.02260",,"ok","single bole tree","Live",10.0,130,,10.3,,,,,,,,,,,,,,,,,,,,,"0000-0002-3383-324X","0000-0001-6914-6364",
"c23e3504-32a6-43b1-b848-94215568727b","STEI_047.basePlot.vst","2019-09-30","vst_STEI_2019","D05","STEI","STEI_047",,"NEON.PLA.D05.STEI.05662",,"ok","small tree","Live",2.0,130,,2.2,,,,,,,,,,,,,,,,,,,,,"0000-0002-3383-324X","0000-0001-6914-6364",
"3916493f-48be-4a5d-bf40-e41375bde4ec","STEI_047.basePlot.vst","2019-09-30","vst_STEI_2019","D05","STEI","STEI_047",,"NEON.PLA.D05.STEI.00734",,"ok","single bole tree","Live",11.0,130,,10.1,,,,,,,,,,,,,,,,,,,,,"0000-0002-3383-324X","0000-0001-6914-6364",
"bca57e7f-c737-4172-843e-f1beacd73a43","STEI_047.basePlot.vst","2019-09-30","vst_STEI_2019","D05","STEI","STEI_047",,"NEON.PLA.D05.STEI.00677",,"ok","single bole tree","Live",11.5,130,,10.7,,,,,,,,,,,,,,,,,,,,,"0000-0002-3383-324X","0000-0001-6914-6364",
