uid,namedLocation,date,eventID,domainID,siteID,plotID,subplotID,nestedSubplotID,pointID,stemDistance,stemAzimuth,recordType,individualID,supportingStemIndividualID,previouslyTaggedAs,samplingProtocolVersion,taxonID,scientificName,taxonRank,identificationReferences,morphospeciesID,morphospeciesIDRemarks,identificationQualifier,remarks,measuredBy,recordedBy,dataQF
"fdf4d1d3-6674-437c-9517-2cf47918953a","LAJA_041.basePlot.vst","2016-03-17","vst_LAJA_2016","D04","LAJA","LAJA_041","31",,"51",18.2,226.0,,"NEON.PLA.D04.LAJA.04352",,,"NEON.DOC.000987vE","PIDU","Pithecellobium dulce (Roxb.) Benth.","species",,,,,,"kruiz-medina@field-ops.org","adejesus@field-ops.org",
"64c5e414-ac50-441c-8bdf-4478cafa3922","LAJA_041.basePlot.vst","2016-03-17","vst_LAJA_2016","D04","LAJA","LAJA_041","32",,"51",13.1,199.1,,"NEON.PLA.D04.LAJA.04355",,,"NEON.DOC.000987vE","PIDU","Pithecellobium dulce (Roxb.) Benth.","species",,,,,,"kruiz-medina@field-ops.org","adejesus@field-ops.org",
"3a6f493b-31fe-4602-930d-c89452c687bc","LAJA_015.basePlot.vst","2016-10-31","vst_LAJA_2016","D04","LAJA","LAJA_015","32",,"33",5.0,342.9,,"NEON.PLA.D04.LAJA.08468A",,,"NEON.DOC.000987vE","MAIN3","Mangifera indica L.","species",,,,,,"wplaza-muniz@neoninc.org","lrivera@field-ops.org",
"930932ee-18f5-4265-ab96-8b989353ea4f","LAJA_002.basePlot.vst","2016-10-31","vst_LAJA_2016","D04","LAJA","LAJA_002","40",,,,,,"NEON.PLA.D04.LAJA.08261B",,,"NEON.DOC.000987vE","MEBI","Melicoccus bijugatus Jacq.","species",,,,,"PointID was taken from 40, stemDist was 3.6, StemAzim was 16.6","wplaza-muniz@neoninc.org","lrivera@field-ops.org",
"4199c32a-f063-48d9-bcc0-74e97523e60f","LAJA_015.basePlot.vst","2016-10-31","vst_LAJA_2016","D04","LAJA","LAJA_015","40",,,,,,"NEON.PLA.D04.LAJA.08285",,,"NEON.DOC.000987vE","CAAC3","Casearia aculeata Jacq.","species",,,,,,"wplaza-muniz@neoninc.org","lrivera@field-ops.org",
"38e990a8-1b88-419a-9132-250b0455153b","LAJA_002.basePlot.vst","2016-10-31","vst_LAJA_2016","D04","LAJA","LAJA_002","31",,,,,,"NEON.PLA.D04.LAJA.08263",,,"NEON.DOC.000987vE","MEBI","Melicoccus bijugatus Jacq.","species",,,,,"PointID was taken from 40, stemDist was 8.9, StemAzim was 175.9","wplaza-muniz@neoninc.org","lrivera@field-ops.org",
"6f30ca2e-a0fe-440a-a871-1b2e4cbd165e","LAJA_002.basePlot.vst","2016-10-31","vst_LAJA_2016","D04","LAJA","LAJA_002","40",,,,,,"NEON.PLA.D04.LAJA.08261A",,,"NEON.DOC.000987vE","MEBI","Melicoccus bijugatus Jacq.","species",,,,,"PointID was taken from 40, stemDist was 3.6, StemAzim was 16.6","wplaza-muniz@neoninc.org","lrivera@field-ops.org",
"b9149720-b030-4117-b149-fe2f630272d1","LAJA_015.basePlot.vst","2016-10-31","vst_LAJA_2016","D04","LAJA","LAJA_015","40",,"49",7.6,123.4,,"NEON.PLA.D04.LAJA.08243",,,"NEON.DOC.000987vE","MAIN3","Mangifera indica L.","species",,,,,,"wplaza-muniz@neoninc.org","lrivera@field-ops.org",
"fec1a21b-57a7-4542-a0ee-35351b8a2bc5","LAJA_015.basePlot.vst","2016-10-31","vst_LAJA_2016","D04","LAJA","LAJA_015","41",,,,,,"NEON.PLA.D04.LAJA.05309",,,"NEON.DOC.000987vE","CAAC3","Casearia aculeata Jacq.","species",,,,,,"wplaza-muniz@neoninc.org","lrivera@field-ops.org",
"580b301b-972a-4da4-a505-1b1f7c1ddd9d","LAJA_015.basePlot.vst","2016-10-31","vst_LAJA_2016","D04","LAJA","LAJA_015","40",,,,,,"NEON.PLA.D04.LAJA.05477",,,"NEON.DOC.000987vE","ANIN","Andira inermis (W. Wright) Kunth ex DC.","species",,,,,,"wplaza-muniz@neoninc.org","lrivera@field-ops.org",
"60bb933a-95ec-4bae-ad7c-bc1a494a5692","LAJA_015.basePlot.vst","2016-10-31","vst_LAJA_2016","D04","LAJA","LAJA_015","40",,,,,,"NEON.PLA.D04.LAJA.05324",,,"NEON.DOC.000987vE","CAAC3","Casearia aculeata Jacq.","species",,,,,,"wplaza-muniz@neoninc.org","lrivera@field-ops.org",
"eba5f07a-62ab-41d3-b1a8-64546b579b07","LAJA_015.basePlot.vst","2016-10-31","vst_LAJA_2016","D04","LAJA","LAJA_015","31",,"31",10.1,63.3,,"NEON.PLA.D04.LAJA.08244A",,,"NEON.DOC.000987vE","COCO5","Cordia collococca L.","species",,,,,,"wplaza-muniz@neoninc.org","lrivera@field-ops.org",
"910092d8-177e-43ac-81eb-405cfe548f32","LAJA_015.basePlot.vst","2016-10-31","vst_LAJA_2016","D04","LAJA","LAJA_015","40",,,,,,"NEON.PLA.D04.LAJA.08287",,,"NEON.DOC.000987vE","CAAC3","Casearia aculeata Jacq.","species",,,,,,"wplaza-muniz@neoninc.org","lrivera@field-ops.org",
"10df159b-d4f6-42bd-90be-ade7c5e34c6b","LAJA_015.basePlot.vst","2016-10-31","vst_LAJA_2016","D04","LAJA","LAJA_015","32",,,,,,"NEON.PLA.D04.LAJA.08249",,,"NEON.DOC.000987vE","CAAC3","Casearia aculeata Jacq.","species",,,,,,"wplaza-muniz@neoninc.org","lrivera@field-ops.org",
"cd8ff9f3-9bdc-41d2-9fb9-51055de42d9c","LAJA_015.basePlot.vst","2016-10-31","vst_LAJA_2016","D04","LAJA","LAJA_015","31",,"31",10.1,63.3,,"NEON.PLA.D04.LAJA.08244",,,"NEON.DOC.000987vE","COCO5","Cordia collococca L.","species",,,,,,"wplaza-muniz@neoninc.org","lrivera@field-ops.org",
"0ed6a339-b5ad-4d95-ac07-9bde83ca3e06","LAJA_002.basePlot.vst","2016-10-31","vst_LAJA_2016","D04","LAJA","LAJA_002","32",,"33",5.7,283.7,,"NEON.PLA.D04.LAJA.08260A",,,"NEON.DOC.000987vE","MEBI","Melicoccus bijugatus Jacq.","species",,,,,,"wplaza-muniz@neoninc.org","lrivera@field-ops.org",
"5cd7814b-b6f4-4af8-929e-889e5908080e","LAJA_002.basePlot.vst","2016-10-31","vst_LAJA_2016","D04","LAJA","LAJA_002","32",,"33",5.7,283.7,,"NEON.PLA.D04.LAJA.08260",,,"NEON.DOC.000987vE","MEBI","Melicoccus bijugatus Jacq.","species",,,,,,"wplaza-muniz@neoninc.org","lrivera@field-ops.org",
"b517c33e-ba55-45b4-9e5b-b03dfac2e4e6","LAJA_015.basePlot.vst","2016-10-31","vst_LAJA_2016","D04","LAJA","LAJA_015","32",,,,,,"NEON.PLA.D04.LAJA.08246",,,"NEON.DOC.000987vE","PIDU","Pithecellobium dulce (Roxb.) Benth.","species",,,,,,"wplaza-muniz@neoninc.org","lrivera@field-ops.org",
"b167709f-db2a-40c9-a189-f0ad32d4a35c","LAJA_015.basePlot.vst","2016-10-31","vst_LAJA_2016","D04","LAJA","LAJA_015","31",,,,,,"NEON.PLA.D04.LAJA.08269",,,"NEON.DOC.000987vE","CAAC3","Casearia aculeata Jacq.","species",,,,,,"wplaza-muniz@neoninc.org","lrivera@field-ops.org",
"00f2d232-e348-4b08-9c02-6426b9868fde","LAJA_015.basePlot.vst","2016-10-31","vst_LAJA_2016","D04","LAJA","LAJA_015","40",,,,,,"NEON.PLA.D04.LAJA.05355",,,"NEON.DOC.000987vE","ANIN","Andira inermis (W. Wright) Kunth ex DC.","species",,,,,,"wplaza-muniz@neoninc.org","lrivera@field-ops.org",
"4e01199a-fc45-4c6b-81ee-c171ef287dc4","LAJA_015.basePlot.vst","2016-10-31","vst_LAJA_2016","D04","LAJA","LAJA_015","32",,,,,,"NEON.PLA.D04.LAJA.08998",,,"NEON.DOC.000987vE","PIDU","Pithecellobium dulce (Roxb.) Benth.","species",,,,,,"wplaza-muniz@neoninc.org","lrivera@field-ops.org",
"ec0c7a88-723f-4de5-8e4d-582a942d3272","LAJA_015.basePlot.vst","2016-10-31","vst_LAJA_2016","D04","LAJA","LAJA_015","40",,,,,,"NEON.PLA.D04.LAJA.05429",,,"NEON.DOC.000987vE","ANIN","Andira inermis (W. Wright) Kunth ex DC.","species",,,,,,"wplaza-muniz@neoninc.org","lrivera@field-ops.org",
"4ade1c1a-3f06-4e04-99fd-e7c849eeb6d4","LAJA_015.basePlot.vst","2016-10-31","vst_LAJA_2016","D04","LAJA","LAJA_015","32",,,,,,"NEON.PLA.D04.LAJA.08247",,,"NEON.DOC.000987vE","PIDU","Pithecellobium dulce (Roxb.) Benth.","species",,,,,,"wplaza-muniz@neoninc.org","lrivera@field-ops.org",
"a1865e2b-30c1-438f-bcc5-b17b271ec593","LAJA_002.basePlot.vst","2016-10-31","vst_LAJA_2016","D04","LAJA","LAJA_002","41",,"51",7.7,227.5,,"NEON.PLA.D04.LAJA.08262",,,"NEON.DOC.000987vE","MEBI","Melicoccus bijugatus Jacq.","species",,,,,,"wplaza-muniz@neoninc.org","lrivera@field-ops.org",
"8cb4f40b-2fa3-495c-9032-32c90d03892a","LAJA_015.basePlot.vst","2016-10-31","vst_LAJA_2016","D04","LAJA","LAJA_015","32",,,,,,"NEON.PLA.D04.LAJA.05307",,,"NEON.DOC.000987vE","PIDU","Pithecellobium dulce (Roxb.) Benth.","species",,,,,,"wplaza-muniz@neoninc.org","lrivera@field-ops.org",
"9d20f752-32b6-48fb-a28c-378395e23980","LAJA_002.basePlot.vst","2016-10-31","vst_LAJA_2016","D04","LAJA","LAJA_002","40",,,,,,"NEON.PLA.D04.LAJA.08261",,,"NEON.DOC.000987vE","MEBI","Melicoccus bijugatus Jacq.","species",,,,,"PointID was taken from 40, stemDist was 3.6, StemAzim was 16.6","wplaza-muniz@neoninc.org","lrivera@field-ops.org",
"ec2db42a-7de6-445b-a72f-ba15fc80eab5","LAJA_015.basePlot.vst","2016-10-31","vst_LAJA_2016","D04","LAJA","LAJA_015","40",,,,,,"NEON.PLA.D04.LAJA.08242",,,"NEON.DOC.000987vE","ANIN","Andira inermis (W. Wright) Kunth ex DC.","species",,,,,,"wplaza-muniz@neoninc.org","lrivera@field-ops.org",
"8705290d-4452-4d46-afda-e0fa6bf28f4b","LAJA_015.basePlot.vst","2016-10-31","vst_LAJA_2016","D04","LAJA","LAJA_015","41",,,,,,"NEON.PLA.D04.LAJA.08274",,,"NEON.DOC.000987vE","ACFA","Acacia farnesiana (L.) Willd.","species",,,,,,"wplaza-muniz@neoninc.org","lrivera@field-ops.org",
"0c274c0d-c08c-4e92-8831-cd0e12ad5096","LAJA_015.basePlot.vst","2016-10-31","vst_LAJA_2016","D04","LAJA","LAJA_015","32",,"33",5.0,342.9,,"NEON.PLA.D04.LAJA.08468",,,"NEON.DOC.000987vE","MAIN3","Mangifera indica L.","species",,,,,,"wplaza-muniz@neoninc.org","lrivera@field-ops.org",
"df170bd4-0ff3-46bb-ad56-5f27cd8f73f8","LAJA_015.basePlot.vst","2016-10-31","vst_LAJA_2016","D04","LAJA","LAJA_015","41",,,,,,"NEON.PLA.D04.LAJA.05301",,,"NEON.DOC.000987vE","ACFA","Acacia farnesiana (L.) Willd.","species",,,,,,"wplaza-muniz@neoninc.org","lrivera@field-ops.org",
"22578d63-9959-43a4-afc0-d0743ceccd44","LAJA_015.basePlot.vst","2016-10-31","vst_LAJA_2016","D04","LAJA","LAJA_015","32",,,,,,"NEON.PLA.D04.LAJA.08259",,,"NEON.DOC.000987vE","ANIN","Andira inermis (W. Wright) Kunth ex DC.","species",,,,,,"wplaza-muniz@neoninc.org","lrivera@field-ops.org",
"c05ceec8-690a-4a6a-8de2-4c6c18449a2d","LAJA_015.basePlot.vst","2016-10-31","vst_LAJA_2016","D04","LAJA","LAJA_015","32",,,,,,"NEON.PLA.D04.LAJA.08299",,,"NEON.DOC.000987vE","ANIN","Andira inermis (W. Wright) Kunth ex DC.","species",,,,,,"wplaza-muniz@neoninc.org","lrivera@field-ops.org",
"b92f0d0b-3b16-49ef-907f-330999b2f69e","LAJA_015.basePlot.vst","2016-10-31","vst_LAJA_2016","D04","LAJA","LAJA_015","40",,,,,,"NEON.PLA.D04.LAJA.08265",,,"NEON.DOC.000987vE","ANIN","Andira inermis (W. Wright) Kunth ex DC.","species",,,,,,"wplaza-muniz@neoninc.org","lrivera@field-ops.org",
"a7fbe138-f36d-491f-9f09-47ab938a9ee3","LAJA_015.basePlot.vst","2016-10-31","vst_LAJA_2016","D04","LAJA","LAJA_015","40",,,,,,"NEON.PLA.D04.LAJA.08241",,,"NEON.DOC.000987vE","CAAC3","Casearia aculeata Jacq.","species",,,,,,"wplaza-muniz@neoninc.org","lrivera@field-ops.org",
"af8b1ac6-e5b7-428a-a022-def1bc063946","LAJA_015.basePlot.vst","2016-10-31","vst_LAJA_2016","D04","LAJA","LAJA_015","40",,,,,,"NEON.PLA.D04.LAJA.08264",,,"NEON.DOC.000987vE","ANIN","Andira inermis (W. Wright) Kunth ex DC.","species",,,,,,"wplaza-muniz@neoninc.org","lrivera@field-ops.org",
"db5a7e96-0da1-45c8-a465-80b7cf08bcbd","LAJA_015.basePlot.vst","2016-10-31","vst_LAJA_2016","D04","LAJA","LAJA_015","32",,,,,,"NEON.PLA.D04.LAJA.08245",,,"NEON.DOC.000987vE","PIDU","Pithecellobium dulce (Roxb.) Benth.","species",,,,,,"wplaza-muniz@neoninc.org","lrivera@field-ops.org",
"c13f5b5b-562a-4e3f-a38d-b6202a28d32b","LAJA_015.basePlot.vst","2016-10-31","vst_LAJA_2016","D04","LAJA","LAJA_015","32",,,,,,"NEON.PLA.D04.LAJA.05463",,,"NEON.DOC.000987vE","CAAC3","Casearia aculeata Jacq.","species",,,,,,"wplaza-muniz@neoninc.org","lrivera@field-ops.org",
"fd764349-bde0-4a1c-913a-0b127e7013ac","LAJA_015.basePlot.vst","2016-10-31","vst_LAJA_2016","D04","LAJA","LAJA_015","41",,,,,,"NEON.PLA.D04.LAJA.05377",,,"NEON.DOC.000987vE","ACFA","Acacia farnesiana (L.) Willd.","species",,,,,,"wplaza-muniz@neoninc.org","lrivera@field-ops.org",
"266aa2e1-ba19-4009-a0a2-b7f47328c2b9","LAJA_015.basePlot.vst","2016-10-31","vst_LAJA_2016","D04","LAJA","LAJA_015","40",,,,,,"NEON.PLA.D04.LAJA.08475",,,"NEON.DOC.000987vE","PIDU","Pithecellobium dulce (Roxb.) Benth.","species",,,,,,"wplaza-muniz@neoninc.org","lrivera@field-ops.org",
"baed0ad3-06b8-49ea-962b-8db7114eb7f3","LAJA_015.basePlot.vst","2016-10-31","vst_LAJA_2016","D04","LAJA","LAJA_015","41",,,,,,"NEON.PLA.D04.LAJA.05438",,,"NEON.DOC.000987vE","ACFA","Acacia farnesiana (L.) Willd.","species",,,,,,"wplaza-muniz@neoninc.org","lrivera@field-ops.org",
"ff73db87-5810-4c74-b817-44a3fab3d090","LAJA_015.basePlot.vst","2016-10-31","vst_LAJA_2016","D04","LAJA","LAJA_015","40",,,,,,"NEON.PLA.D04.LAJA.05329",,,"NEON.DOC.000987vE","ANIN","Andira inermis (W. Wright) Kunth ex DC.","species",,,,,,"wplaza-muniz@neoninc.org","lrivera@field-ops.org",
"db4b9dc0-3062-4432-bb54-8dc04c8d820c","LAJA_015.basePlot.vst","2016-10-31","vst_LAJA_2016","D04","LAJA","LAJA_015","31",,,,,,"NEON.PLA.D04.LAJA.05333",,,"NEON.DOC.000987vE","PIDU","Pithecellobium dulce (Roxb.) Benth.","species",,,,,,"wplaza-muniz@neoninc.org","lrivera@field-ops.org",
"a302fc8e-8e50-4a34-8dbd-5f24ee96b157","LAJA_015.basePlot.vst","2016-10-31","vst_LAJA_2016","D04","LAJA","LAJA_015","41",,,,,,"NEON.PLA.D04.LAJA.08288",,,"NEON.DOC.000987vE","ACFA","Acacia farnesiana (L.) Willd.","species",,,,,,"wplaza-muniz@neoninc.org","lrivera@field-ops.org",
"cea768dd-16d7-45c2-8c93-323223f0dd87","LAJA_026.basePlot.vst","2016-11-04","vst_LAJA_2016","D04","LAJA","LAJA_026","41","1",,,,,"NEON.PLA.D04.LAJA.08210",,,"NEON.DOC.000987vE","JAFL","Jasminum fluminense Vell.","species",,,,,,"wplaza-muniz@neoninc.org","lrivera@field-ops.org",
"e16725d9-1f61-4f7e-a2d4-ca2ba83ee361","LAJA_026.basePlot.vst","2016-11-04","vst_LAJA_2016","D04","LAJA","LAJA_026","41","1",,,,,"NEON.PLA.D04.LAJA.08212",,,"NEON.DOC.000987vE","EUGEN","Eugenia sp.","genus",,,,,,"wplaza-muniz@neoninc.org","lrivera@field-ops.org",
"75ddfb74-79a8-4637-b9e4-a03c4a8c0efd","LAJA_026.basePlot.vst","2016-11-04","vst_LAJA_2016","D04","LAJA","LAJA_026","41","1",,,,,"NEON.PLA.D04.LAJA.05360",,,"NEON.DOC.000987vE","MUEX2","Murraya exotica L.","species",,,,,,"wplaza-muniz@neoninc.org","lrivera@field-ops.org",
"3197f1d5-16c9-4a09-ab0f-9b08d1307dd3","LAJA_026.basePlot.vst","2016-11-04","vst_LAJA_2016","D04","LAJA","LAJA_026","41","1",,,,,"NEON.PLA.D04.LAJA.05483",,,"NEON.DOC.000987vE","CASY2","Casearia sylvestris Sw.","species",,,,,,"wplaza-muniz@neoninc.org","lrivera@field-ops.org",
"ec0afc92-16c4-4d2a-a9a6-535c3fae38b6","LAJA_026.basePlot.vst","2016-11-04","vst_LAJA_2016","D04","LAJA","LAJA_026","41","1",,,,,"NEON.PLA.D04.LAJA.08404",,,"NEON.DOC.000987vE","CASY2","Casearia sylvestris Sw.","species",,,,,,"wplaza-muniz@neoninc.org","lrivera@field-ops.org",
"b4da5322-d5de-4ba7-acc4-9138bc1337ac","LAJA_026.basePlot.vst","2016-11-04","vst_LAJA_2016","D04","LAJA","LAJA_026","41","4",,,,,"NEON.PLA.D04.LAJA.05486",,,"NEON.DOC.000987vE","ADRI","Adelia ricinella L.","species",,,,,,"wplaza-muniz@neoninc.org","lrivera@field-ops.org",
"0e1eee9b-ff90-4f1a-998f-2e8da9689924","LAJA_026.basePlot.vst","2016-11-04","vst_LAJA_2016","D04","LAJA","LAJA_026","41","4",,,,,"NEON.PLA.D04.LAJA.08474",,,"NEON.DOC.000987vE","ADRI","Adelia ricinella L.","species",,,,,,"wplaza-muniz@neoninc.org","lrivera@field-ops.org",
"5c4f07f9-30c9-4e83-a465-648807a25be1","LAJA_026.basePlot.vst","2016-11-04","vst_LAJA_2016","D04","LAJA","LAJA_026","41","4",,,,,"NEON.PLA.D04.LAJA.05317",,,"NEON.DOC.000987vE","STFL5","Stigmaphyllon floribundum (DC.) C.E. Anderson","species",,,,,,"wplaza-muniz@neoninc.org","lrivera@field-ops.org",
"cfdd9aa7-7a84-4095-8133-6bc5c1bb9e7e","LAJA_026.basePlot.vst","2016-11-04","vst_LAJA_2016","D04","LAJA","LAJA_026","41","1",,,,,"NEON.PLA.D04.LAJA.08234",,,"NEON.DOC.000987vE","MAUN3","Macfadyena unguis-cati (L.) A.H. Gentry","species",,,,,,"wplaza-muniz@neoninc.org","lrivera@field-ops.org",
"89ac296c-3fdb-46a1-add3-99d9f9d73a39","LAJA_026.basePlot.vst","2016-11-04","vst_LAJA_2016","D04","LAJA","LAJA_026","41","1",,,,,"NEON.PLA.D04.LAJA.08228",,,"NEON.DOC.000987vE","MAUN3","Macfadyena unguis-cati (L.) A.H. Gentry","species",,,,,,"wplaza-muniz@neoninc.org","lrivera@field-ops.org",
"badcc86d-06c8-4e87-aa93-33bf626096e3","LAJA_026.basePlot.vst","2016-11-04","vst_LAJA_2016","D04","LAJA","LAJA_026","41","1",,,,,"NEON.PLA.D04.LAJA.08206",,,"NEON.DOC.000987vE","STFL5","Stigmaphyllon floribundum (DC.) C.E. Anderson","species",,,,,,"wplaza-muniz@neoninc.org","lrivera@field-ops.org",
"6a69e308-ef5f-47fe-a4b3-597673bd6ca4","LAJA_026.basePlot.vst","2016-11-04","vst_LAJA_2016","D04","LAJA","LAJA_026","41","1",,,,,"NEON.PLA.D04.LAJA.05402",,,"NEON.DOC.000987vE","CASY2","Casearia sylvestris Sw.","species",,,,,,"wplaza-muniz@neoninc.org","lrivera@field-ops.org",
"81416cc5-5030-41b8-8dd7-93ce4a8163d1","LAJA_026.basePlot.vst","2016-11-04","vst_LAJA_2016","D04","LAJA","LAJA_026","41","1",,,,,"NEON.PLA.D04.LAJA.08362",,,"NEON.DOC.000987vE","CASY2","Casearia sylvestris Sw.","species",,,,,,"wplaza-muniz@neoninc.org","lrivera@field-ops.org",
"7ebb64db-4976-489a-b3f1-40c7d13ef977","LAJA_026.basePlot.vst","2016-11-04","vst_LAJA_2016","D04","LAJA","LAJA_026","41","4",,,,,"NEON.PLA.D04.LAJA.08286",,,"NEON.DOC.000987vE","ADRI","Adelia ricinella L.","species",,,,,,"wplaza-muniz@neoninc.org","lrivera@field-ops.org",
"33e061f7-ba47-4773-9c03-5fd7316e43cc","LAJA_026.basePlot.vst","2016-11-04","vst_LAJA_2016","D04","LAJA","LAJA_026","41","1",,,,,"NEON.PLA.D04.LAJA.08281",,,"NEON.DOC.000987vE","CASY2","Casearia sylvestris Sw.","species",,,,,,"wplaza-muniz@neoninc.org","lrivera@field-ops.org",
"52081a49-8124-4910-86df-8c2d5616947e","LAJA_026.basePlot.vst","2016-11-04","vst_LAJA_2016","D04","LAJA","LAJA_026","41","1",,,,,"NEON.PLA.D04.LAJA.08240",,,"NEON.DOC.000987vE","STFL5","Stigmaphyllon floribundum (DC.) C.E. Anderson","species",,,,,,"wplaza-muniz@neoninc.org","lrivera@field-ops.org",
"b99eb300-f00b-41a0-847e-72bee628d459","LAJA_026.basePlot.vst","2016-11-04","vst_LAJA_2016","D04","LAJA","LAJA_026","40","3",,,,,"NEON.PLA.D04.LAJA.08401",,,"NEON.DOC.000987vE","SEPO4","Serjania polyphylla (L.) Radlk.","species",,,,"cf. species",,"wplaza-muniz@neoninc.org","lrivera@field-ops.org",
"0ba011a9-f304-4459-a7a6-4173881e6d97","LAJA_026.basePlot.vst","2016-11-04","vst_LAJA_2016","D04","LAJA","LAJA_026","41",,"51",6.4,222.6,,"NEON.PLA.D04.LAJA.08100",,,"NEON.DOC.000987vE","ANIN","Andira inermis (W. Wright) Kunth ex DC.","species",,,,,,"tvelazquez@field-ops.org","lrivera@field-ops.org",
"338c411e-f155-4160-81cb-522b3891c4ef","LAJA_026.basePlot.vst","2016-11-04","vst_LAJA_2016","D04","LAJA","LAJA_026","41","1",,,,,"NEON.PLA.D04.LAJA.08211",,,"NEON.DOC.000987vE","CASY2","Casearia sylvestris Sw.","species",,,,,,"wplaza-muniz@neoninc.org","lrivera@field-ops.org",
"ede8f593-51c6-4b5e-8501-1a6e583b6e73","LAJA_026.basePlot.vst","2016-11-04","vst_LAJA_2016","D04","LAJA","LAJA_026","41","1",,,,,"NEON.PLA.D04.LAJA.08229",,,"NEON.DOC.000987vE","EURH","Eugenia rhombea (Berg) Krug & Urb.","species",,,,,,"wplaza-muniz@neoninc.org","lrivera@field-ops.org",
"dc4c4ae9-b798-4c4b-a6bf-38a20683534f","LAJA_026.basePlot.vst","2016-11-04","vst_LAJA_2016","D04","LAJA","LAJA_026","40","3",,,,,"NEON.PLA.D04.LAJA.05498",,,"NEON.DOC.000987vE","ADRI","Adelia ricinella L.","species",,,,,,"wplaza-muniz@neoninc.org","lrivera@field-ops.org",
"2864ea85-104e-473c-af8f-99309fa2b10d","LAJA_026.basePlot.vst","2016-11-04","vst_LAJA_2016","D04","LAJA","LAJA_026","41","1",,,,,"NEON.PLA.D04.LAJA.05374",,,"NEON.DOC.000987vE","CASY2","Casearia sylvestris Sw.","species",,,,,,"wplaza-muniz@neoninc.org","lrivera@field-ops.org",
"f7ce30ab-2da9-42ee-bcf6-17993ced650c","LAJA_026.basePlot.vst","2016-11-04","vst_LAJA_2016","D04","LAJA","LAJA_026","40","3",,,,,"NEON.PLA.D04.LAJA.05422",,,"NEON.DOC.000987vE","ADRI","Adelia ricinella L.","species",,,,,,"wplaza-muniz@neoninc.org","lrivera@field-ops.org",
"0c0fff3e-088e-4222-aae2-59dc7c2006a0","LAJA_026.basePlot.vst","2016-11-04","vst_LAJA_2016","D04","LAJA","LAJA_026","41","4",,,,,"NEON.PLA.D04.LAJA.08293",,,"NEON.DOC.000987vE","ERRO3","Erythroxylum rotundifolium Lunan","species",,,,,,"wplaza-muniz@neoninc.org","lrivera@field-ops.org",
"b4f76911-d256-41d2-9cdd-5d2aa424ce3e","LAJA_026.basePlot.vst","2016-11-04","vst_LAJA_2016","D04","LAJA","LAJA_026","41","4",,,,,"NEON.PLA.D04.LAJA.05338",,,"NEON.DOC.000987vE","MAUN3","Macfadyena unguis-cati (L.) A.H. Gentry","species",,,,,,"wplaza-muniz@neoninc.org","lrivera@field-ops.org",
"70ddfa5d-447e-48b5-8162-2d40b17254cc","LAJA_026.basePlot.vst","2016-11-04","vst_LAJA_2016","D04","LAJA","LAJA_026","41","1",,,,,"NEON.PLA.D04.LAJA.08237",,,"NEON.DOC.000987vE","STFL5","Stigmaphyllon floribundum (DC.) C.E. Anderson","species",,,,,,"wplaza-muniz@neoninc.org","lrivera@field-ops.org",
"f9d96951-d94f-4611-b84c-9f24fa656087","LAJA_026.basePlot.vst","2016-11-04","vst_LAJA_2016","D04","LAJA","LAJA_026","41","1",,,,,"NEON.PLA.D04.LAJA.08292",,,"NEON.DOC.000987vE","MUEX2","Murraya exotica L.","species",,,,,,"wplaza-muniz@neoninc.org","lrivera@field-ops.org",
"c28a1a6d-fddb-4c9e-827f-3571dc9be3eb","LAJA_026.basePlot.vst","2016-11-04","vst_LAJA_2016","D04","LAJA","LAJA_026","41","1",,,,,"NEON.PLA.D04.LAJA.08231",,,"NEON.DOC.000987vE","CAIN5","Capparis indica (L.) Druce","species",,,,,,"wplaza-muniz@neoninc.org","lrivera@field-ops.org",
"72a61e07-1612-4563-8df6-29d8db822f67","LAJA_026.basePlot.vst","2016-11-04","vst_LAJA_2016","D04","LAJA","LAJA_026","41","1",,,,,"NEON.PLA.D04.LAJA.08232",,,"NEON.DOC.000987vE","CASY2","Casearia sylvestris Sw.","species",,,,,,"wplaza-muniz@neoninc.org","lrivera@field-ops.org",
"d30c7a39-3892-477a-a662-0d8fd8505e3b","LAJA_026.basePlot.vst","2016-11-04","vst_LAJA_2016","D04","LAJA","LAJA_026","41","1",,,,,"NEON.PLA.D04.LAJA.08222",,,"NEON.DOC.000987vE","EUGEN","Eugenia sp.","genus",,,,,,"wplaza-muniz@neoninc.org","lrivera@field-ops.org",
"bffa6f30-a5f7-4c26-ab81-4c82dd1de88b","LAJA_026.basePlot.vst","2016-11-04","vst_LAJA_2016","D04","LAJA","LAJA_026","41","4",,,,,"NEON.PLA.D04.LAJA.08277",,,"NEON.DOC.000987vE","MAUN3","Macfadyena unguis-cati (L.) A.H. Gentry","species",,,,,,"wplaza-muniz@neoninc.org","lrivera@field-ops.org",
"89923e12-3134-4ed1-a5fb-1bbfce9a3564","LAJA_026.basePlot.vst","2016-11-04","vst_LAJA_2016","D04","LAJA","LAJA_026","31","4",,,,,"NEON.PLA.D04.LAJA.05446",,,"NEON.DOC.000987vE","SEPO4","Serjania polyphylla (L.) Radlk.","species",,,,,,"wplaza-muniz@neoninc.org","lrivera@field-ops.org",
"2d5c21f3-4dc9-41a4-8a8d-e3210552a34c","LAJA_026.basePlot.vst","2016-11-04","vst_LAJA_2016","D04","LAJA","LAJA_026","32","4",,,,,"NEON.PLA.D04.LAJA.08233",,,"NEON.DOC.000987vE","STFL5","Stigmaphyllon floribundum (DC.) C.E. Anderson","species",,,,,,"wplaza-muniz@neoninc.org","lrivera@field-ops.org",
"3a3b8c74-1457-496f-8cac-7e0a71f005d8","LAJA_026.basePlot.vst","2016-11-04","vst_LAJA_2016","D04","LAJA","LAJA_026","41","1",,,,,"NEON.PLA.D04.LAJA.08408",,,"NEON.DOC.000987vE","CASY2","Casearia sylvestris Sw.","species",,,,,,"wplaza-muniz@neoninc.org","lrivera@field-ops.org",
"477fff9b-026a-46ee-a74e-756b386d2a3f","LAJA_026.basePlot.vst","2016-11-04","vst_LAJA_2016","D04","LAJA","LAJA_026","41","1",,,,,"NEON.PLA.D04.LAJA.08205",,,"NEON.DOC.000987vE","STFL5","Stigmaphyllon floribundum (DC.) C.E. Anderson","species",,,,,,"wplaza-muniz@neoninc.org","lrivera@field-ops.org",
"4a1d81e9-3ad2-4e63-a31f-9eb3d02ca82e","LAJA_026.basePlot.vst","2016-11-04","vst_LAJA_2016","D04","LAJA","LAJA_026","41","4",,,,,"NEON.PLA.D04.LAJA.05311",,,"NEON.DOC.000987vE","CASY2","Casearia sylvestris Sw.","species",,,,,,"wplaza-muniz@neoninc.org","lrivera@field-ops.org",
"e0c698ee-071e-4735-9a8d-8a7104442fd0","LAJA_026.basePlot.vst","2016-11-04","vst_LAJA_2016","D04","LAJA","LAJA_026","41","1",,,,,"NEON.PLA.D04.LAJA.08235",,,"NEON.DOC.000987vE","CASY2","Casearia sylvestris Sw.","species",,,,,,"wplaza-muniz@neoninc.org","lrivera@field-ops.org",
"5d46437a-843d-4b0b-93f1-1d1295ff7393","LAJA_026.basePlot.vst","2016-11-04","vst_LAJA_2016","D04","LAJA","LAJA_026","41","1",,,,,"NEON.PLA.D04.LAJA.05430",,,"NEON.DOC.000987vE","CASY2","Casearia sylvestris Sw.","species",,,,,,"wplaza-muniz@neoninc.org","lrivera@field-ops.org",
"2fce429b-36a3-4621-b3a3-1e8522e7c8b9","LAJA_026.basePlot.vst","2016-11-04","vst_LAJA_2016","D04","LAJA","LAJA_026","41","1",,,,,"NEON.PLA.D04.LAJA.05375",,,"NEON.DOC.000987vE","MUEX2","Murraya exotica L.","species",,,,,,"wplaza-muniz@neoninc.org","lrivera@field-ops.org",
"3e907d30-2833-4e30-bff9-c10bd5ff2d1a","LAJA_026.basePlot.vst","2016-11-04","vst_LAJA_2016","D04","LAJA","LAJA_026","41","4",,,,,"NEON.PLA.D04.LAJA.05342",,,"NEON.DOC.000987vE","ADRI","Adelia ricinella L.","species",,,,,,"wplaza-muniz@neoninc.org","lrivera@field-ops.org",
"018e0186-82e0-4f10-a4b2-473ddaf48eda","LAJA_026.basePlot.vst","2016-11-04","vst_LAJA_2016","D04","LAJA","LAJA_026","41","4",,,,,"NEON.PLA.D04.LAJA.05383",,,"NEON.DOC.000987vE","ADRI","Adelia ricinella L.","species",,,,,,"wplaza-muniz@neoninc.org","lrivera@field-ops.org",
"25b11c0d-b0f0-4fa1-b08d-311fe13b059b","LAJA_026.basePlot.vst","2016-11-04","vst_LAJA_2016","D04","LAJA","LAJA_026","41","1",,,,,"NEON.PLA.D04.LAJA.08218",,,"NEON.DOC.000987vE","CASY2","Casearia sylvestris Sw.","species",,,,,,"wplaza-muniz@neoninc.org","lrivera@field-ops.org",
"e59d7cf7-90db-4563-9a99-0c5e88dafd3f","LAJA_026.basePlot.vst","2016-11-04","vst_LAJA_2016","D04","LAJA","LAJA_026","40","3",,,,,"NEON.PLA.D04.LAJA.05372",,,"NEON.DOC.000987vE","MAUN3","Macfadyena unguis-cati (L.) A.H. Gentry","species",,,,,,"wplaza-muniz@neoninc.org","lrivera@field-ops.org",
"f8199600-6a02-4dc8-9b16-a1f740aa474b","LAJA_026.basePlot.vst","2016-11-04","vst_LAJA_2016","D04","LAJA","LAJA_026","41","4",,,,,"NEON.PLA.D04.LAJA.05335",,,"NEON.DOC.000987vE","ERRO3","Erythroxylum rotundifolium Lunan","species",,,,,,"wplaza-muniz@neoninc.org","lrivera@field-ops.org",
"1e947c0d-9113-4def-b50a-dfa792ad08b9","LAJA_026.basePlot.vst","2016-11-04","vst_LAJA_2016","D04","LAJA","LAJA_026","41","4",,,,,"NEON.PLA.D04.LAJA.05322",,,"NEON.DOC.000987vE","ADRI","Adelia ricinella L.","species",,,,,,"wplaza-muniz@neoninc.org","lrivera@field-ops.org",
"6b9c75b4-e815-41f6-ad52-9b8dd6d8b354","LAJA_026.basePlot.vst","2016-11-04","vst_LAJA_2016","D04","LAJA","LAJA_026","41","1",,,,,"NEON.PLA.D04.LAJA.08213",,,"NEON.DOC.000987vE","STFL5","Stigmaphyllon floribundum (DC.) C.E. Anderson","species",,,,,,"wplaza-muniz@neoninc.org","lrivera@field-ops.org",
"78daee63-9bd8-4612-804f-0d2e472d1e47","LAJA_026.basePlot.vst","2016-11-04","vst_LAJA_2016","D04","LAJA","LAJA_026","41","1",,,,,"NEON.PLA.D04.LAJA.08282",,,"NEON.DOC.000987vE","CASY2","Casearia sylvestris Sw.","species",,,,,,"wplaza-muniz@neoninc.org","lrivera@field-ops.org",
"2980fc7c-8fb1-484d-9b28-056c83d45344","LAJA_026.basePlot.vst","2016-11-04","vst_LAJA_2016","D04","LAJA","LAJA_026","41","1",,,,,"NEON.PLA.D04.LAJA.05395",,,"NEON.DOC.000987vE","ADRI","Adelia ricinella L.","species",,,,,,"wplaza-muniz@neoninc.org","lrivera@field-ops.org",
"99f7eede-820e-4bbc-8211-a3f776366bc6","LAJA_026.basePlot.vst","2016-11-04","vst_LAJA_2016","D04","LAJA","LAJA_026","41","1",,,,,"NEON.PLA.D04.LAJA.05461",,,"NEON.DOC.000987vE","CASY2","Casearia sylvestris Sw.","species",,,,,,"wplaza-muniz@neoninc.org","lrivera@field-ops.org",
"40ba16e4-67bf-42c3-b60a-4a71c7cb93f5","LAJA_026.basePlot.vst","2016-11-04","vst_LAJA_2016","D04","LAJA","LAJA_026","40","3",,,,,"NEON.PLA.D04.LAJA.08276",,,"NEON.DOC.000987vE","ADRI","Adelia ricinella L.","species",,,,,,"wplaza-muniz@neoninc.org","lrivera@field-ops.org",
"5ca1d605-2cd8-486a-8d7b-0acbdc8df90f","LAJA_026.basePlot.vst","2016-11-04","vst_LAJA_2016","D04","LAJA","LAJA_026","41","4",,,,,"NEON.PLA.D04.LAJA.05382",,,"NEON.DOC.000987vE","ADRI","Adelia ricinella L.","species",,,,,,"wplaza-muniz@neoninc.org","lrivera@field-ops.org",
"51164483-1290-4077-9e70-4b3cfcdf15de","LAJA_026.basePlot.vst","2016-11-04","vst_LAJA_2016","D04","LAJA","LAJA_026","32","4",,,,,"NEON.PLA.D04.LAJA.08253",,,"NEON.DOC.000987vE","STFL5","Stigmaphyllon floribundum (DC.) C.E. Anderson","species",,,,,,"wplaza-muniz@neoninc.org","lrivera@field-ops.org",
"574dc98c-3b76-4c15-b678-eb51d02ec3a8","LAJA_026.basePlot.vst","2016-11-04","vst_LAJA_2016","D04","LAJA","LAJA_026","41","1",,,,,"NEON.PLA.D04.LAJA.05346",,,"NEON.DOC.000987vE","CASY2","Casearia sylvestris Sw.","species",,,,,,"wplaza-muniz@neoninc.org","lrivera@field-ops.org",
"a371438c-8741-49b6-b6f4-a60978b6ad74","LAJA_026.basePlot.vst","2016-11-04","vst_LAJA_2016","D04","LAJA","LAJA_026","41","1",,,,,"NEON.PLA.D04.LAJA.08208",,,"NEON.DOC.000987vE","CASY2","Casearia sylvestris Sw.","species",,,,,,"wplaza-muniz@neoninc.org","lrivera@field-ops.org",
"00a55c95-7ea6-41e9-8f3d-3c6559c02147","LAJA_026.basePlot.vst","2016-11-04","vst_LAJA_2016","D04","LAJA","LAJA_026","41","4",,,,,"NEON.PLA.D04.LAJA.05331",,,"NEON.DOC.000987vE","STFL5","Stigmaphyllon floribundum (DC.) C.E. Anderson","species",,,,,,"wplaza-muniz@neoninc.org","lrivera@field-ops.org",
"472156f1-6517-48dc-a2f6-ec32ddbea5d4","LAJA_026.basePlot.vst","2016-11-04","vst_LAJA_2016","D04","LAJA","LAJA_026","41","1",,,,,"NEON.PLA.D04.LAJA.08226",,,"NEON.DOC.000987vE","CASY2","Casearia sylvestris Sw.","species",,,,,,"wplaza-muniz@neoninc.org","lrivera@field-ops.org",
"e6cf7876-9d2f-4a8e-a121-f32895bc958b","LAJA_026.basePlot.vst","2016-11-04","vst_LAJA_2016","D04","LAJA","LAJA_026","40","3",,,,,"NEON.PLA.D04.LAJA.05365",,,"NEON.DOC.000987vE","STFL5","Stigmaphyllon floribundum (DC.) C.E. Anderson","species",,,,,,"wplaza-muniz@neoninc.org","lrivera@field-ops.org",
"31964fa2-8c1c-4633-987f-ff3d2ee6da7a","LAJA_026.basePlot.vst","2016-11-04","vst_LAJA_2016","D04","LAJA","LAJA_026","32","4",,,,,"NEON.PLA.D04.LAJA.05358",,,"NEON.DOC.000987vE","ADRI","Adelia ricinella L.","species",,,,,,"wplaza-muniz@neoninc.org","lrivera@field-ops.org",
"2b4e6b90-0eab-470c-9b13-e504d8f847fc","LAJA_026.basePlot.vst","2016-11-04","vst_LAJA_2016","D04","LAJA","LAJA_026","41","4",,,,,"NEON.PLA.D04.LAJA.05415",,,"NEON.DOC.000987vE","MUEX2","Murraya exotica L.","species",,,,,,"wplaza-muniz@neoninc.org","lrivera@field-ops.org",
"1d5ec335-e56f-49be-8a02-3a121b789fad","LAJA_026.basePlot.vst","2016-11-04","vst_LAJA_2016","D04","LAJA","LAJA_026","41","1",,,,,"NEON.PLA.D04.LAJA.08207",,,"NEON.DOC.000987vE","MAUN3","Macfadyena unguis-cati (L.) A.H. Gentry","species",,,,,,"wplaza-muniz@neoninc.org","lrivera@field-ops.org",
"56f7a8f6-c65d-4548-a780-c9f36c686a55","LAJA_026.basePlot.vst","2016-11-04","vst_LAJA_2016","D04","LAJA","LAJA_026","41","4",,,,,"NEON.PLA.D04.LAJA.05454",,,"NEON.DOC.000987vE","ADRI","Adelia ricinella L.","species",,,,,,"wplaza-muniz@neoninc.org","lrivera@field-ops.org",
"f390e977-6449-4f36-8d06-ecda5b3966f3","LAJA_026.basePlot.vst","2016-11-04","vst_LAJA_2016","D04","LAJA","LAJA_026","32","4",,,,,"NEON.PLA.D04.LAJA.08221",,,"NEON.DOC.000987vE","JAFL","Jasminum fluminense Vell.","species",,,,,,"wplaza-muniz@neoninc.org","lrivera@field-ops.org",
"31e371ce-32eb-42e8-a902-d1015334ac76","LAJA_026.basePlot.vst","2016-11-04","vst_LAJA_2016","D04","LAJA","LAJA_026","41","4",,,,,"NEON.PLA.D04.LAJA.05478",,,"NEON.DOC.000987vE","ADRI","Adelia ricinella L.","species",,,,,,"wplaza-muniz@neoninc.org","lrivera@field-ops.org",
"f1db00f1-0390-4048-8a48-a1e49523b219","LAJA_026.basePlot.vst","2016-11-04","vst_LAJA_2016","D04","LAJA","LAJA_026","31","4",,,,,"NEON.PLA.D04.LAJA.08255",,,"NEON.DOC.000987vE","ADRI","Adelia ricinella L.","species",,,,,,"wplaza-muniz@neoninc.org","lrivera@field-ops.org",
"03eeca4c-0b9e-48b8-815d-cf0dd92ef83e","LAJA_026.basePlot.vst","2016-11-04","vst_LAJA_2016","D04","LAJA","LAJA_026","41","1",,,,,"NEON.PLA.D04.LAJA.08083",,,"NEON.DOC.000987vE","STFL5","Stigmaphyllon floribundum (DC.) C.E. Anderson","species",,,,,,"wplaza-muniz@neoninc.org","lrivera@field-ops.org",
"daddcf62-3ae0-4fed-b5b3-75c3370f0839","LAJA_026.basePlot.vst","2016-11-04","vst_LAJA_2016","D04","LAJA","LAJA_026","41","1",,,,,"NEON.PLA.D04.LAJA.05345",,,"NEON.DOC.000987vE","CASY2","Casearia sylvestris Sw.","species",,,,,,"wplaza-muniz@neoninc.org","lrivera@field-ops.org",
"2db7667f-79a9-4797-877f-93987770bf2a","LAJA_026.basePlot.vst","2016-11-04","vst_LAJA_2016","D04","LAJA","LAJA_026","40","3",,,,,"NEON.PLA.D04.LAJA.05420",,,"NEON.DOC.000987vE","ADRI","Adelia ricinella L.","species",,,,,,"wplaza-muniz@neoninc.org","lrivera@field-ops.org",
"60bc5d4a-a435-4643-9c37-23deda3c5008","LAJA_026.basePlot.vst","2016-11-04","vst_LAJA_2016","D04","LAJA","LAJA_026","41","4",,,,,"NEON.PLA.D04.LAJA.05318",,,"NEON.DOC.000987vE","ADRI","Adelia ricinella L.","species",,,,,,"wplaza-muniz@neoninc.org","lrivera@field-ops.org",
"aae83b4e-2ba0-451d-85d5-294400fa41fb","LAJA_026.basePlot.vst","2016-11-04","vst_LAJA_2016","D04","LAJA","LAJA_026","41","1",,,,,"NEON.PLA.D04.LAJA.08201",,,"NEON.DOC.000987vE","JAFL","Jasminum fluminense Vell.","species",,,,,,"wplaza-muniz@neoninc.org","lrivera@field-ops.org",
"86c10482-6813-461e-80f1-6b5df28dc994","LAJA_026.basePlot.vst","2016-11-04","vst_LAJA_2016","D04","LAJA","LAJA_026","41","1",,,,,"NEON.PLA.D04.LAJA.08209",,,"NEON.DOC.000987vE","CASY2","Casearia sylvestris Sw.","species",,,,,,"wplaza-muniz@neoninc.org","lrivera@field-ops.org",
"d1efeaca-d7ef-4e53-938f-45f051c046a1","LAJA_026.basePlot.vst","2016-11-04","vst_LAJA_2016","D04","LAJA","LAJA_026","41","1",,,,,"NEON.PLA.D04.LAJA.08225",,,"NEON.DOC.000987vE","CASY2","Casearia sylvestris Sw.","species",,,,,,"wplaza-muniz@neoninc.org","lrivera@field-ops.org",
"31f58fdf-488e-4c30-8176-70f9d81d8fa3","LAJA_026.basePlot.vst","2016-11-04","vst_LAJA_2016","D04","LAJA","LAJA_026","41","1",,,,,"NEON.PLA.D04.LAJA.05397",,,"NEON.DOC.000987vE","ADRI","Adelia ricinella L.","species",,,,,,"wplaza-muniz@neoninc.org","lrivera@field-ops.org",
"81bf3d47-fbe4-4b33-88a3-dfdc9eb8ed47","LAJA_026.basePlot.vst","2016-11-04","vst_LAJA_2016","D04","LAJA","LAJA_026","41","1",,,,,"NEON.PLA.D04.LAJA.05344",,,"NEON.DOC.000987vE","CASY2","Casearia sylvestris Sw.","species",,,,,,"wplaza-muniz@neoninc.org","lrivera@field-ops.org",
"13f2f278-2c19-4648-9164-49e6eee6df93","LAJA_026.basePlot.vst","2016-11-04","vst_LAJA_2016","D04","LAJA","LAJA_026","41","1",,,,,"NEON.PLA.D04.LAJA.05249",,,"NEON.DOC.000987vE","CASY2","Casearia sylvestris Sw.","species",,,,,,"wplaza-muniz@neoninc.org","lrivera@field-ops.org",
"aa6ce6d8-7cbf-4265-b37c-4eeb47aae1f1","LAJA_026.basePlot.vst","2016-11-04","vst_LAJA_2016","D04","LAJA","LAJA_026","40","3",,,,,"NEON.PLA.D04.LAJA.08275",,,"NEON.DOC.000987vE","ADRI","Adelia ricinella L.","species",,,,,,"wplaza-muniz@neoninc.org","lrivera@field-ops.org",
"a85b77fa-ec73-4d9b-ba7c-28ad588195a3","LAJA_026.basePlot.vst","2016-11-04","vst_LAJA_2016","D04","LAJA","LAJA_026","41","1",,,,,"NEON.PLA.D04.LAJA.08099",,,"NEON.DOC.000987vE","STFL5","Stigmaphyllon floribundum (DC.) C.E. Anderson","species",,,,,,"wplaza-muniz@neoninc.org","lrivera@field-ops.org",
"e523c3cd-cb66-48d7-959e-fc0bd831c43b","LAJA_026.basePlot.vst","2016-11-04","vst_LAJA_2016","D04","LAJA","LAJA_026","41","4",,,,,"NEON.PLA.D04.LAJA.05364",,,"NEON.DOC.000987vE","ADRI","Adelia ricinella L.","species",,,,,,"wplaza-muniz@neoninc.org","lrivera@field-ops.org",
"82edc425-bc91-4c2e-a35b-0f98fe4328d8","LAJA_026.basePlot.vst","2016-11-04","vst_LAJA_2016","D04","LAJA","LAJA_026","41","4",,,,,"NEON.PLA.D04.LAJA.08270",,,"NEON.DOC.000987vE","ADRI","Adelia ricinella L.","species",,,,,,"wplaza-muniz@neoninc.org","lrivera@field-ops.org",
"ade6799b-0e09-420f-b479-ace4c1e901e1","LAJA_026.basePlot.vst","2016-11-04","vst_LAJA_2016","D04","LAJA","LAJA_026","32","4",,,,,"NEON.PLA.D04.LAJA.05407",,,"NEON.DOC.000987vE","PIDU","Pithecellobium dulce (Roxb.) Benth.","species",,,,,,"wplaza-muniz@neoninc.org","lrivera@field-ops.org",
"bd9c104c-6d39-4e2b-9755-5f17236be7e4","LAJA_026.basePlot.vst","2016-11-04","vst_LAJA_2016","D04","LAJA","LAJA_026","31","4",,,,,"NEON.PLA.D04.LAJA.05404",,,"NEON.DOC.000987vE","ADRI","Adelia ricinella L.","species",,,,,,"wplaza-muniz@neoninc.org","lrivera@field-ops.org",
"2bf5c490-543f-4e22-825c-0fe806c38b39","LAJA_026.basePlot.vst","2016-11-04","vst_LAJA_2016","D04","LAJA","LAJA_026","41","4",,,,,"NEON.PLA.D04.LAJA.05437",,,"NEON.DOC.000987vE","ADRI","Adelia ricinella L.","species",,,,,,"wplaza-muniz@neoninc.org","lrivera@field-ops.org",
"f88b1b0b-796f-482c-a743-f12dd43a31f9","LAJA_026.basePlot.vst","2016-11-04","vst_LAJA_2016","D04","LAJA","LAJA_026","41","1",,,,,"NEON.PLA.D04.LAJA.05447",,,"NEON.DOC.000987vE","ADRI","Adelia ricinella L.","species",,,,,,"wplaza-muniz@neoninc.org","lrivera@field-ops.org",
"1338649d-a46a-46b8-b3ac-793752144def","LAJA_026.basePlot.vst","2016-11-04","vst_LAJA_2016","D04","LAJA","LAJA_026","40","1",,,,,"NEON.PLA.D04.LAJA.05452",,,"NEON.DOC.000987vE","ADRI","Adelia ricinella L.","species",,,,,,"wplaza-muniz@neoninc.org","lrivera@field-ops.org",
"456bbf69-760c-4560-b110-e6e6cb010eff","LAJA_026.basePlot.vst","2016-11-04","vst_LAJA_2016","D04","LAJA","LAJA_026","41","4",,,,,"NEON.PLA.D04.LAJA.08227",,,"NEON.DOC.000987vE","ADRI","Adelia ricinella L.","species",,,,,,"wplaza-muniz@neoninc.org","lrivera@field-ops.org",
"ac6dd825-61fe-4c7a-a806-3086f5a74769","LAJA_026.basePlot.vst","2016-11-04","vst_LAJA_2016","D04","LAJA","LAJA_026","41","1",,,,,"NEON.PLA.D04.LAJA.05431",,,"NEON.DOC.000987vE","CASY2","Casearia sylvestris Sw.","species",,,,,,"wplaza-muniz@neoninc.org","lrivera@field-ops.org",
"fa5d3778-0840-4724-b482-8f6c9b3e079c","LAJA_026.basePlot.vst","2016-11-04","vst_LAJA_2016","D04","LAJA","LAJA_026","41","4",,,,,"NEON.PLA.D04.LAJA.05401",,,"NEON.DOC.000987vE","ADRI","Adelia ricinella L.","species",,,,,,"wplaza-muniz@neoninc.org","lrivera@field-ops.org",
"45866088-a99a-4459-8187-ee68bd1f25d6","LAJA_026.basePlot.vst","2016-11-04","vst_LAJA_2016","D04","LAJA","LAJA_026","41","1",,,,,"NEON.PLA.D04.LAJA.05500",,,"NEON.DOC.000987vE","MUEX2","Murraya exotica L.","species",,,,,,"wplaza-muniz@neoninc.org","lrivera@field-ops.org",
"b57f3113-7f9a-4a16-82a1-777d448592ea","LAJA_026.basePlot.vst","2016-11-04","vst_LAJA_2016","D04","LAJA","LAJA_026","40","3",,,,,"NEON.PLA.D04.LAJA.08405",,,"NEON.DOC.000987vE","ADRI","Adelia ricinella L.","species",,,,,,"wplaza-muniz@neoninc.org","lrivera@field-ops.org",
"8d43111b-b683-485d-99f5-254ef0e3faab","LAJA_026.basePlot.vst","2016-11-04","vst_LAJA_2016","D04","LAJA","LAJA_026","41","1",,,,,"NEON.PLA.D04.LAJA.05464",,,"NEON.DOC.000987vE","CASY2","Casearia sylvestris Sw.","species",,,,,,"wplaza-muniz@neoninc.org","lrivera@field-ops.org",
"86486175-7391-4e9c-a027-99353aafb19a","LAJA_026.basePlot.vst","2016-11-04","vst_LAJA_2016","D04","LAJA","LAJA_026","40","3",,,,,"NEON.PLA.D04.LAJA.08304",,,"NEON.DOC.000987vE","MAUN3","Macfadyena unguis-cati (L.) A.H. Gentry","species",,,,,,"wplaza-muniz@neoninc.org","lrivera@field-ops.org",
"d45971c4-2272-4e41-99e9-b77e11859d2a","LAJA_026.basePlot.vst","2016-11-04","vst_LAJA_2016","D04","LAJA","LAJA_026","41","4",,,,,"NEON.PLA.D04.LAJA.05386",,,"NEON.DOC.000987vE","CASY2","Casearia sylvestris Sw.","species",,,,,,"wplaza-muniz@neoninc.org","lrivera@field-ops.org",
"266a77f5-5384-4f4c-bb40-3aad61554e11","LAJA_026.basePlot.vst","2016-11-04","vst_LAJA_2016","D04","LAJA","LAJA_026","41","1",,,,,"NEON.PLA.D04.LAJA.08214",,,"NEON.DOC.000987vE","STFL5","Stigmaphyllon floribundum (DC.) C.E. Anderson","species",,,,,,"wplaza-muniz@neoninc.org","lrivera@field-ops.org",
"fddb5f5a-ff5e-4ab7-a87a-41c34a6281e7","LAJA_026.basePlot.vst","2016-11-04","vst_LAJA_2016","D04","LAJA","LAJA_026","40","3",,,,,"NEON.PLA.D04.LAJA.05494",,,"NEON.DOC.000987vE","STFL5","Stigmaphyllon floribundum (DC.) C.E. Anderson","species",,,,,,"wplaza-muniz@neoninc.org","lrivera@field-ops.org",
"5e2a46e7-abda-4f24-8efa-494de80f3d98","LAJA_026.basePlot.vst","2016-11-04","vst_LAJA_2016","D04","LAJA","LAJA_026","40","3",,,,,"NEON.PLA.D04.LAJA.05325",,,"NEON.DOC.000987vE","ADRI","Adelia ricinella L.","species",,,,,,"wplaza-muniz@neoninc.org","lrivera@field-ops.org",
"cd43c785-9e16-4c27-b805-6940d36eff00","LAJA_026.basePlot.vst","2016-11-04","vst_LAJA_2016","D04","LAJA","LAJA_026","41","1",,,,,"NEON.PLA.D04.LAJA.08238",,,"NEON.DOC.000987vE","STFL5","Stigmaphyllon floribundum (DC.) C.E. Anderson","species",,,,,,"wplaza-muniz@neoninc.org","lrivera@field-ops.org",
"ce4f470a-1f76-4c61-ba9c-b56174264327","LAJA_026.basePlot.vst","2016-11-04","vst_LAJA_2016","D04","LAJA","LAJA_026","40","3",,,,,"NEON.PLA.D04.LAJA.05398",,,"NEON.DOC.000987vE","ADRI","Adelia ricinella L.","species",,,,,,"wplaza-muniz@neoninc.org","lrivera@field-ops.org",
"3a0f7df1-b694-409b-a15f-098d40328231","LAJA_026.basePlot.vst","2016-11-04","vst_LAJA_2016","D04","LAJA","LAJA_026","41","4",,,,,"NEON.PLA.D04.LAJA.05321",,,"NEON.DOC.000987vE","MAUN3","Macfadyena unguis-cati (L.) A.H. Gentry","species",,,,,,"wplaza-muniz@neoninc.org","lrivera@field-ops.org",
"11488f61-be8f-440a-98f6-8b6d4611e6f8","LAJA_026.basePlot.vst","2016-11-04","vst_LAJA_2016","D04","LAJA","LAJA_026","41","1",,,,,"NEON.PLA.D04.LAJA.05341",,,"NEON.DOC.000987vE","CASY2","Casearia sylvestris Sw.","species",,,,,,"wplaza-muniz@neoninc.org","lrivera@field-ops.org",
"a2cfe753-4461-4bc2-9942-69a1315c6659","LAJA_026.basePlot.vst","2016-11-04","vst_LAJA_2016","D04","LAJA","LAJA_026","40","1",,,,,"NEON.PLA.D04.LAJA.05409",,,"NEON.DOC.000987vE","ADRI","Adelia ricinella L.","species",,,,,,"tvelazquez@field-ops.org","lrivera@field-ops.org",
"46775e2e-9fb3-42a6-a4da-c2d5368d0140","LAJA_026.basePlot.vst","2016-11-04","vst_LAJA_2016","D04","LAJA","LAJA_026","32","4",,,,,"NEON.PLA.D04.LAJA.08216",,,"NEON.DOC.000987vE","STFL5","Stigmaphyllon floribundum (DC.) C.E. Anderson","species",,,,,,"wplaza-muniz@neoninc.org","lrivera@field-ops.org",
"cf2cfa0d-71ec-4d61-aa2d-f7a696bf9ac9","LAJA_026.basePlot.vst","2016-11-04","vst_LAJA_2016","D04","LAJA","LAJA_026","41","1",,,,,"NEON.PLA.D04.LAJA.05462",,,"NEON.DOC.000987vE","CASY2","Casearia sylvestris Sw.","species",,,,,,"wplaza-muniz@neoninc.org","lrivera@field-ops.org",
"709e0be7-c5dd-43e2-878c-9236b5551201","LAJA_026.basePlot.vst","2016-11-04","vst_LAJA_2016","D04","LAJA","LAJA_026","41","4",,,,,"NEON.PLA.D04.LAJA.05487",,,"NEON.DOC.000987vE","ADRI","Adelia ricinella L.","species",,,,,,"wplaza-muniz@neoninc.org","lrivera@field-ops.org",
"75f694ab-d0b7-4bbd-b232-fa65e7189f83","LAJA_026.basePlot.vst","2016-11-04","vst_LAJA_2016","D04","LAJA","LAJA_026","41","1",,,,,"NEON.PLA.D04.LAJA.05457",,,"NEON.DOC.000987vE","ADRI","Adelia ricinella L.","species",,,,,,"wplaza-muniz@neoninc.org","lrivera@field-ops.org",
"c5106451-4484-4cb6-8f36-0e73edea2225","LAJA_026.basePlot.vst","2016-11-04","vst_LAJA_2016","D04","LAJA","LAJA_026","32","4",,,,,"NEON.PLA.D04.LAJA.05347",,,"NEON.DOC.000987vE","STFL5","Stigmaphyllon floribundum (DC.) C.E. Anderson","species",,,,,,"wplaza-muniz@neoninc.org","lrivera@field-ops.org",
"4751e326-70d8-4b13-accc-2c50db307903","LAJA_026.basePlot.vst","2016-11-04","vst_LAJA_2016","D04","LAJA","LAJA_026","41","1",,,,,"NEON.PLA.D04.LAJA.05435",,,"NEON.DOC.000987vE","ADRI","Adelia ricinella L.","species",,,,,,"wplaza-muniz@neoninc.org","lrivera@field-ops.org",
"2111dc91-0226-46ec-bb66-975d1b72a8aa","LAJA_026.basePlot.vst","2016-11-04","vst_LAJA_2016","D04","LAJA","LAJA_026","41","1",,,,,"NEON.PLA.D04.LAJA.08239",,,"NEON.DOC.000987vE","MAUN3","Macfadyena unguis-cati (L.) A.H. Gentry","species",,,,,,"wplaza-muniz@neoninc.org","lrivera@field-ops.org",
"4ff40bac-bd6d-41a9-ae44-fd3c725ab3fa","LAJA_026.basePlot.vst","2016-11-04","vst_LAJA_2016","D04","LAJA","LAJA_026","41","1",,,,,"NEON.PLA.D04.LAJA.08203",,,"NEON.DOC.000987vE","STFL5","Stigmaphyllon floribundum (DC.) C.E. Anderson","species",,,,,,"wplaza-muniz@neoninc.org","lrivera@field-ops.org",
"f693e2ff-dc05-4b21-8662-fbc7c67da069","LAJA_026.basePlot.vst","2016-11-04","vst_LAJA_2016","D04","LAJA","LAJA_026","31","4",,,,,"NEON.PLA.D04.LAJA.05376",,,"NEON.DOC.000987vE","ADRI","Adelia ricinella L.","species",,,,,,"wplaza-muniz@neoninc.org","lrivera@field-ops.org",
"67cafc52-86b0-46d3-b6c0-8e40e854bd06","LAJA_026.basePlot.vst","2016-11-04","vst_LAJA_2016","D04","LAJA","LAJA_026","40","3",,,,,"NEON.PLA.D04.LAJA.05348",,,"NEON.DOC.000987vE","ADRI","Adelia ricinella L.","species",,,,,,"wplaza-muniz@neoninc.org","lrivera@field-ops.org",
"d9ce5b45-1c21-4681-8a1c-9aff5c110180","LAJA_026.basePlot.vst","2016-11-04","vst_LAJA_2016","D04","LAJA","LAJA_026","41","1",,,,,"NEON.PLA.D04.LAJA.08236",,,"NEON.DOC.000987vE","STFL5","Stigmaphyllon floribundum (DC.) C.E. Anderson","species",,,,,,"wplaza-muniz@neoninc.org","lrivera@field-ops.org",
"1fafe6c9-7266-401f-9603-3344781357bb","LAJA_026.basePlot.vst","2016-11-04","vst_LAJA_2016","D04","LAJA","LAJA_026","41","1",,,,,"NEON.PLA.D04.LAJA.08223",,,"NEON.DOC.000987vE","MUEX2","Murraya exotica L.","species",,,,,,"wplaza-muniz@neoninc.org","lrivera@field-ops.org",
"e5b6e303-efe7-4eef-9d7f-2813e6ea43e5","LAJA_026.basePlot.vst","2016-11-04","vst_LAJA_2016","D04","LAJA","LAJA_026","41","4",,,,,"NEON.PLA.D04.LAJA.05369",,,"NEON.DOC.000987vE","ADRI","Adelia ricinella L.","species",,,,,,"wplaza-muniz@neoninc.org","lrivera@field-ops.org",
"3efa0c8d-9407-4ead-8b9f-958cd70366c2","LAJA_026.basePlot.vst","2016-11-04","vst_LAJA_2016","D04","LAJA","LAJA_026","32","4",,,,,"NEON.PLA.D04.LAJA.08296",,,"NEON.DOC.000987vE","JAFL","Jasminum fluminense Vell.","species",,,,,,"wplaza-muniz@neoninc.org","lrivera@field-ops.org",
"d6f3b0a3-0a3b-409b-8c75-7b51946e26a0","LAJA_026.basePlot.vst","2016-11-04","vst_LAJA_2016","D04","LAJA","LAJA_026","41","4",,,,,"NEON.PLA.D04.LAJA.05489",,,"NEON.DOC.000987vE","ADRI","Adelia ricinella L.","species",,,,,,"wplaza-muniz@neoninc.org","lrivera@field-ops.org",
"f2772d02-4dc4-4b9d-995f-7ae500f95180","LAJA_026.basePlot.vst","2016-11-04","vst_LAJA_2016","D04","LAJA","LAJA_026","41","4",,,,,"NEON.PLA.D04.LAJA.05459",,,"NEON.DOC.000987vE","ADRI","Adelia ricinella L.","species",,,,,,"wplaza-muniz@neoninc.org","lrivera@field-ops.org",
"92cda826-cbaa-4031-9742-bc805cd8804b","LAJA_026.basePlot.vst","2016-11-04","vst_LAJA_2016","D04","LAJA","LAJA_026","41","4",,,,,"NEON.PLA.D04.LAJA.05320",,,"NEON.DOC.000987vE","ADRI","Adelia ricinella L.","species",,,,,,"wplaza-muniz@neoninc.org","lrivera@field-ops.org",
"2882c09a-b1b8-4c2c-b70f-8462b8502e9f","LAJA_026.basePlot.vst","2016-11-04","vst_LAJA_2016","D04","LAJA","LAJA_026","41","1",,,,,"NEON.PLA.D04.LAJA.05393",,,"NEON.DOC.000987vE","CASY2","Casearia sylvestris Sw.","species",,,,,,"wplaza-muniz@neoninc.org","lrivera@field-ops.org",
"927b63fd-858d-4f1b-b217-cdf407bc8cb1","LAJA_026.basePlot.vst","2016-11-04","vst_LAJA_2016","D04","LAJA","LAJA_026","41","4",,,,,"NEON.PLA.D04.LAJA.05303",,,"NEON.DOC.000987vE","ADRI","Adelia ricinella L.","species",,,,,,"wplaza-muniz@neoninc.org","lrivera@field-ops.org",
"bf7beefb-79c1-4ffb-b1b8-0ffb89aed995","LAJA_026.basePlot.vst","2016-11-04","vst_LAJA_2016","D04","LAJA","LAJA_026","32","4",,,,,"NEON.PLA.D04.LAJA.08220",,,"NEON.DOC.000987vE","JAFL","Jasminum fluminense Vell.","species",,,,,,"wplaza-muniz@neoninc.org","lrivera@field-ops.org",
"15e50e5a-33b2-4ce7-989b-142aced22648","LAJA_026.basePlot.vst","2016-11-04","vst_LAJA_2016","D04","LAJA","LAJA_026","31","4",,,,,"NEON.PLA.D04.LAJA.05384",,,"NEON.DOC.000987vE","ADRI","Adelia ricinella L.","species",,,,,,"wplaza-muniz@neoninc.org","lrivera@field-ops.org",
"8027a739-6fdb-4ebc-9f45-52623dfa4027","LAJA_026.basePlot.vst","2016-11-04","vst_LAJA_2016","D04","LAJA","LAJA_026","41","1",,,,,"NEON.PLA.D04.LAJA.08092",,,"NEON.DOC.000987vE","JAFL","Jasminum fluminense Vell.","species",,,,,,"wplaza-muniz@neoninc.org","lrivera@field-ops.org",
"52b3b219-247e-43ef-9780-340c77e96cff","LAJA_026.basePlot.vst","2016-11-04","vst_LAJA_2016","D04","LAJA","LAJA_026","31","4",,,,,"NEON.PLA.D04.LAJA.05410",,,"NEON.DOC.000987vE","ABPR3","Abrus precatorius L.","species",,,,,,"wplaza-muniz@neoninc.org","lrivera@field-ops.org",
"5d286c23-f2dc-44d2-928f-5ff21397ce52","LAJA_026.basePlot.vst","2016-11-04","vst_LAJA_2016","D04","LAJA","LAJA_026","41","1",,,,,"NEON.PLA.D04.LAJA.08204",,,"NEON.DOC.000987vE","EUGEN","Eugenia sp.","genus",,,,,,"wplaza-muniz@neoninc.org","lrivera@field-ops.org",
"bebc8138-58cd-4bec-acbd-24ddd606fe3f","LAJA_026.basePlot.vst","2016-11-04","vst_LAJA_2016","D04","LAJA","LAJA_026","41","1",,,,,"NEON.PLA.D04.LAJA.05451",,,"NEON.DOC.000987vE","ADRI","Adelia ricinella L.","species",,,,,,"wplaza-muniz@neoninc.org","lrivera@field-ops.org",
"47fc9bfe-229f-4990-a6b8-ee8ebfde883e","LAJA_026.basePlot.vst","2016-11-04","vst_LAJA_2016","D04","LAJA","LAJA_026","41","4",,,,,"NEON.PLA.D04.LAJA.08300",,,"NEON.DOC.000987vE","ADRI","Adelia ricinella L.","species",,,,,,"wplaza-muniz@neoninc.org","lrivera@field-ops.org",
"2e019332-f8c6-463f-9a6c-345bf3d9fba5","LAJA_026.basePlot.vst","2016-11-04","vst_LAJA_2016","D04","LAJA","LAJA_026","41","1",,,,,"NEON.PLA.D04.LAJA.08202",,,"NEON.DOC.000987vE","JAFL","Jasminum fluminense Vell.","species",,,,,,"wplaza-muniz@neoninc.org","lrivera@field-ops.org",
"96961cf6-f295-4c1e-9dbb-f00c5818d538","LAJA_026.basePlot.vst","2016-11-04","vst_LAJA_2016","D04","LAJA","LAJA_026","40","1",,,,,"NEON.PLA.D04.LAJA.05428",,,"NEON.DOC.000987vE","ADRI","Adelia ricinella L.","species",,,,,,"wplaza-muniz@neoninc.org","lrivera@field-ops.org",
"c8a85e74-3f6d-46ad-9175-53a240424239","LAJA_026.basePlot.vst","2016-11-04","vst_LAJA_2016","D04","LAJA","LAJA_026","41","4",,,,,"NEON.PLA.D04.LAJA.05412",,,"NEON.DOC.000987vE","MUEX2","Murraya exotica L.","species",,,,,,"wplaza-muniz@neoninc.org","lrivera@field-ops.org",
"62fc93de-26de-4643-b876-b409b5fea7c1","LAJA_026.basePlot.vst","2016-11-04","vst_LAJA_2016","D04","LAJA","LAJA_026","41","4",,,,,"NEON.PLA.D04.LAJA.05455",,,"NEON.DOC.000987vE","ADRI","Adelia ricinella L.","species",,,,,,"wplaza-muniz@neoninc.org","lrivera@field-ops.org",
"25243b35-27cf-433a-8551-25769108e88c","LAJA_026.basePlot.vst","2016-11-04","vst_LAJA_2016","D04","LAJA","LAJA_026","40","3",,,,,"NEON.PLA.D04.LAJA.08251",,,"NEON.DOC.000987vE","ADRI","Adelia ricinella L.","species",,,,,,"wplaza-muniz@neoninc.org","lrivera@field-ops.org",
"0486552f-10bd-44ea-b989-0204c7be445e","LAJA_026.basePlot.vst","2016-11-04","vst_LAJA_2016","D04","LAJA","LAJA_026","41","4",,,,,"NEON.PLA.D04.LAJA.05418",,,"NEON.DOC.000987vE","ADRI","Adelia ricinella L.","species",,,,,,"wplaza-muniz@neoninc.org","lrivera@field-ops.org",
"05db8a80-31be-4bc4-b62d-95401f3cb4a2","LAJA_026.basePlot.vst","2016-11-04","vst_LAJA_2016","D04","LAJA","LAJA_026","41","1",,,,,"NEON.PLA.D04.LAJA.05408",,,"NEON.DOC.000987vE","EURH","Eugenia rhombea (Berg) Krug & Urb.","species",,,,,,"wplaza-muniz@neoninc.org","lrivera@field-ops.org",
"9f8e225d-d2fe-44c8-a3ca-b1adc9827bfa","LAJA_026.basePlot.vst","2016-11-04","vst_LAJA_2016","D04","LAJA","LAJA_026","40","3",,,,,"NEON.PLA.D04.LAJA.05499",,,"NEON.DOC.000987vE","ADRI","Adelia ricinella L.","species",,,,,,"wplaza-muniz@neoninc.org","lrivera@field-ops.org",
"4eeb4749-ca91-44c8-bf7c-d3ee364b6a19","LAJA_026.basePlot.vst","2016-11-04","vst_LAJA_2016","D04","LAJA","LAJA_026","32","4",,,,,"NEON.PLA.D04.LAJA.08217",,,"NEON.DOC.000987vE","STFL5","Stigmaphyllon floribundum (DC.) C.E. Anderson","species",,,,,,"wplaza-muniz@neoninc.org","lrivera@field-ops.org",
"bbf4d199-cb8a-4004-96b9-a095eae818d3","LAJA_026.basePlot.vst","2016-11-04","vst_LAJA_2016","D04","LAJA","LAJA_026","41","1",,,,,"NEON.PLA.D04.LAJA.08219",,,"NEON.DOC.000987vE","STFL5","Stigmaphyllon floribundum (DC.) C.E. Anderson","species",,,,,,"wplaza-muniz@neoninc.org","lrivera@field-ops.org",
"d09285b2-76f7-4e18-b533-082a5df7d0d3","LAJA_026.basePlot.vst","2016-11-04","vst_LAJA_2016","D04","LAJA","LAJA_026","40","3",,,,,"NEON.PLA.D04.LAJA.05373",,,"NEON.DOC.000987vE","ADRI","Adelia ricinella L.","species",,,,,,"wplaza-muniz@neoninc.org","lrivera@field-ops.org",
"faa43fb1-53b0-4b83-b655-bd53f74a452e","LAJA_026.basePlot.vst","2016-11-04","vst_LAJA_2016","D04","LAJA","LAJA_026","32","4",,,,,"NEON.PLA.D04.LAJA.08248",,,"NEON.DOC.000987vE","ADRI","Adelia ricinella L.","species",,,,,,"wplaza-muniz@neoninc.org","lrivera@field-ops.org",
"c1e399ae-1c61-4807-b5c5-11bf76550781","LAJA_026.basePlot.vst","2016-11-04","vst_LAJA_2016","D04","LAJA","LAJA_026","32","4",,,,,"NEON.PLA.D04.LAJA.08224",,,"NEON.DOC.000987vE","JAFL","Jasminum fluminense Vell.","species",,,,,,"wplaza-muniz@neoninc.org","lrivera@field-ops.org",
"c42790cd-1746-43df-b266-e4650ff63b4d","LAJA_026.basePlot.vst","2016-11-04","vst_LAJA_2016","D04","LAJA","LAJA_026","41","1",,,,,"NEON.PLA.D04.LAJA.08090",,,"NEON.DOC.000987vE","STFL5","Stigmaphyllon floribundum (DC.) C.E. Anderson","species",,,,,,"wplaza-muniz@neoninc.org","lrivera@field-ops.org",
"49e721ff-350b-4770-8549-cabea715cc0b","LAJA_026.basePlot.vst","2016-11-04","vst_LAJA_2016","D04","LAJA","LAJA_026","41","1",,,,,"NEON.PLA.D04.LAJA.05439",,,"NEON.DOC.000987vE","SEPO4","Serjania polyphylla (L.) Radlk.","species",,,,,,"wplaza-muniz@neoninc.org","lrivera@field-ops.org",
"ca5fe73c-b8be-49dd-b358-3dc1e790fdf5","LAJA_026.basePlot.vst","2016-11-04","vst_LAJA_2016","D04","LAJA","LAJA_026","41","1",,,,,"NEON.PLA.D04.LAJA.08215",,,"NEON.DOC.000987vE","CASY2","Casearia sylvestris Sw.","species",,,,,,"wplaza-muniz@neoninc.org","lrivera@field-ops.org",
"ff73199e-2161-4bc2-b497-21c3cea493dd","LAJA_015.basePlot.vst","2019-12-16","vst_LAJA_2019","D04","LAJA","LAJA_015","31","1",,,,"tag only","NEON.PLA.D04.LAJA.08553",,,"NEON.DOC.000987vH","PIDU","Pithecellobium dulce (Roxb.) Benth.","species",,,,,,"0000-0001-5314-0662","0000-0001-5314-0662",
"3be9701a-4fd7-4b13-9fd5-3d9806f0a90e","LAJA_015.basePlot.vst","2019-12-16","vst_LAJA_2019","D04","LAJA","LAJA_015","41",,,,,"tag only","NEON.PLA.D04.LAJA.08527",,,"NEON.DOC.000987vH","ACFA","Acacia farnesiana (L.) Willd.","species",,,,,,"0000-0002-9129-5419","0000-0003-2386-8235",
"e4330361-d9ec-4f42-8621-6d09887761c4","LAJA_015.basePlot.vst","2019-12-16","vst_LAJA_2019","D04","LAJA","LAJA_015","40",,,,,"tag only","NEON.PLA.D04.LAJA.08526",,,"NEON.DOC.000987vH","ANIN","Andira inermis (W. Wright) Kunth ex DC.","species",,,,,,"0000-0002-9129-5419","0000-0003-2386-8235",
"88271908-07f0-4027-82ae-43ab1de8d40f","LAJA_015.basePlot.vst","2019-12-16","vst_LAJA_2019","D04","LAJA","LAJA_015","41",,,,,"tag only","NEON.PLA.D04.LAJA.05930",,,"NEON.DOC.000987vH","ANIN","Andira inermis (W. Wright) Kunth ex DC.","species",,,,,,"0000-0002-9129-5419","0000-0003-2386-8235",
